keyword,title,link
숏폼,"비피엠지, 요리 게임 '마이리틀셰프'숏폼드라마 공개",http://v.daum.net/v/20260514103753411
숏폼,(지디넷코리아=정진성 기자)비피엠지가 글로벌 요리 시뮬레이션 게임 '마이리틀셰프' IP(지식재산권)을 활용한숏폼드라마를 선보이며 콘텐츠 영역 확장에 나서는 동시에 게임 내 대규모 업데이트를 진행한다. 비피엠지(대표 차지훈)는 요리 시뮬레이션 게임 '마이...,http://v.daum.net/v/20260514103753411
숏폼,"비피엠지, 요리 게임 '마이리틀셰프'숏폼드라마 공개…IP 확장",http://v.daum.net/v/20260514173900976
숏폼,"비피엠지, ‘마이리틀셰프’숏폼드라마 공개…게임 IP 확장 본격화",http://v.daum.net/v/20260514134850763
숏폼,"비피엠지, 요리 게임 '마이리틀셰프'숏폼드라마 공개",http://v.daum.net/v/20260514095315573
숏폼,"버즈니 비스킷AI, 링크 하나로숏폼자동 제작",http://v.daum.net/v/20260515092125289
숏폼,"/버즈니 | 서울=한스경제 전시현 기자 | 커머스 인공지능(AI) 기업 버즈니가 자사 AI숏폼자동 생성 서비스 '비스킷AI(VISKIT AI)'에 블로그와 뉴스 기사, 네이버 플레이스 정보를 활용한 신규숏폼제작 기능을 추가했다. 영상이나 이미지를 직접 편집하지 않아도...",http://v.daum.net/v/20260515092125289
숏폼,"버즈니, '비스킷AI' 기능 확대…뉴스·블로그 URL로숏폼만든다",http://v.daum.net/v/20260515120953134
숏폼,버즈니는 인공지능(AI)숏폼자동 생성 서비스 'VISKIT AI(비스킷AI)'에 신규 기능 4종을 추가했다고 15일 밝혔다. 비스킷AI는 영상이나 이미지를 업로드하면 AI가 핵심 내용과 문맥을 분석해 모바일 환경에 최적화된 세로형숏폼영상을 자동 제작하는 서비스다...,http://v.daum.net/v/20260515120953134
숏폼,"최서은,숏폼드라마 ‘아듀 솔로’ 혜수 역 출연",http://v.daum.net/v/20260515063937644
숏폼,배우 최서은 링컴즈 제공 배우 최서은이숏폼드라마 ‘아듀 솔로’에 출연해 베일에 싸인 참가자 해수 역을 연기한다고 14일 전했다. 혜수 캐릭터는 도도한 분위기와 시크한 매력으로 강렬한 존재감을 지닌 첫 등장부터 궁금증을 자극하는 인물이다. 새로운 장르의...,http://v.daum.net/v/20260515063937644
숏폼,"카카오픽코마,숏폼애니메이션 전용 카테고리 만든다",http://v.daum.net/v/20260507173218457
숏폼,픽코마의숏폼(짧은 동영상) 애니메이션 전용 카테고리 '애니메'(ANIME) 예고 영상 (픽코마 유튜브 채널 갈무리). 뉴스1 픽코마의숏폼(짧은 동영상) 애니메이션 전용 카테고리 '애니메'(ANIME) 예고 영상 (픽코마 유튜브 채널 갈무리). 뉴스1 [파이낸셜뉴스] 카카오...,http://v.daum.net/v/20260507173218457
숏폼,"카카오픽코마,숏폼전용 ‘ANIME’ 카테고리 신설 예고",http://v.daum.net/v/20260510112500209
숏폼,"카카오픽코마,숏폼애니 전용 '애니메' 카테고리 신설 예고",http://v.daum.net/v/20260507161300462
숏폼,"카카오픽코마,숏폼애니메이션 카테고리 '애니메' 신설",http://v.daum.net/v/20260507183154878
숏폼,'청소년 도박예방'숏폼대상에 신봉고 정의림 선정,http://v.daum.net/v/20260514162156284
숏폼,"알리고 청소년 시각에서 창의적인 예방 메시지를 발굴하기 위해 한국도박문제예방치유원과 공동으로 추진됐다. 지난달 19일까지숏폼영상 253점, 포스터 293점, 웹툰 59점 등 총 605점이 접수됐다.숏폼영상 부문 참여가 가장 두드러졌다. 강원랜드는 메시지 전달...",http://v.daum.net/v/20260514162156284
숏폼,"대구 중구청, 근대골목숏폼영상 공모전 개최",http://v.daum.net/v/20260514163009680
숏폼,"근대골목숏폼영상 공모전 홍보 포스터. 중구청 제공 대구 중구청은 골목 투어의 매력을 널리 알리고 관광 브랜드 가치를 높이기 위해 근대골목숏폼영상 공모전 '골목을 찍어라–SHOOT THE STREET'를 개최한다. 공모 접수는 9월 30일 오후 6시까지이며, 주제는...",http://v.daum.net/v/20260514163009680
숏폼,"보이넥스트도어 ‘똑똑똑’,숏폼서 인기 몰이",http://v.daum.net/v/20260514103617340
숏폼,"보이넥스트도어 ‘똑똑똑’,숏폼서 인기 몰이 (제공: KOZ 엔터테인먼트) 보이넥스트도어(BOYNEXTDOOR)가 신곡으로숏폼에서 인기를 이어가며 좋은 성적을 내고있다. 보이넥스트도어는 지난 11일 정규 1집 ‘HOME’의 선공개 곡 ‘똑똑똑’을 발표했다. 14일 오전...",http://v.daum.net/v/20260514103617340
숏폼,"게임에서숏폼드라마로…비피엠지, '마이리틀셰프' IP 생태계 확장",http://v.daum.net/v/20260514174617336
숏폼,"배우 이나은이 주인공으로 출연한다. 이 밖에도 최보민과 윤현석, 김도아 등 다양한 배우들이 주요 배역으로 등장한다. 드라마는숏폼콘텐츠 플랫폼 비글루, 드라마박스 등을 통해 공개되며, 비피엠지는 게임 내 이벤트 등을 활용해 드라마와 연계한 프로모션도...",http://v.daum.net/v/20260514174617336
숏폼,"비피엠지, 요리 게임 '마이리틀셰프'숏폼드라마 공개",http://v.daum.net/v/20260514122017075
숏폼,"배우 이나은이 주인공으로 출연한다. 이 밖에도 최보민과 윤현석, 김도아 등 다양한 배우들이 주요 배역으로 등장한다. 드라마는숏폼콘텐츠 플랫폼 비글루, 드라마박스 등을 통해 공개되며, 비피엠지는 게임 내 이벤트 등을 활용해 드라마와 연계한 프로모션도...",http://v.daum.net/v/20260514122017075
숏폼,"비피엠지, '마이리틀셰프' IP 기반숏폼드라마 공개",http://v.daum.net/v/20260514112403335
숏폼,"비피엠지, 요리 게임 '마이리틀셰프' 활용숏폼드라마 공개",http://v.daum.net/v/20260514120344500
숏폼,"그램퍼스, ‘마이리틀셰프’ IP기반의숏폼드라마 방영 시작",http://v.daum.net/v/20260514095700761
숏폼,"‘솔로지옥2’ 미코 최서은,숏폼드라마 진출..‘아듀 솔로’ 캐스팅",http://v.daum.net/v/20260514182953173
숏폼,"[OSEN=김채연 기자] ‘솔로지옥2’ 출연자이자 미스코리아 출신 배우 최서은이숏폼드라마에 출연한다. 14일 소속사 링컴즈에 따르면, 최서은은숏폼드라마 ‘아듀 솔로’에 출연한다. ‘아듀 솔로’는 태국 파타야의 럭셔리 리조트를 배경으로 8명의 청춘남녀들이...",http://v.daum.net/v/20260514182953173
숏폼,"대구 중구, 근대골목 배경숏폼오는 9월 말까지 공모",http://v.daum.net/v/20260514154421138
숏폼,대구 중구 근대골목숏폼영상 공모전 ‘골목을 찍어라–SHOOT THE STREET’ 홍보 포스터. /대구 중구 제공 대구 중구가 오는 9월 30일까지 근대골목숏폼영상 공모전 ‘골목을 찍어라–SHOOT THE STREET’를 개최한다. 이번 공모전은 근대골목투어 1~5코스와 관련...,http://v.daum.net/v/20260514154421138
숏폼,네이버·리디 이어 카카오까지…웹툰 '숏폼춘추전국시대' 열렸다,http://v.daum.net/v/20260509150209987
숏폼,[서울=뉴시스] 9일 업계에 따르면 카카오픽코마는 이달 말 일본에서 운영 중인 플랫폼 '픽코마'에숏폼애니메이션 전용 '애니메(ANIME)' 카테고리를 선보인다. 사진은 '애니메' 출시 기념 사전 이벤트 안내문. 2026.05.09. (사진=카카오픽코마 제공) *재판매 및 DB...,http://v.daum.net/v/20260509150209987
숏폼,"보이넥스트도어, 신곡 '똑똑똑'으로숏폼점령..4일 만에 2만 건",http://v.daum.net/v/20260514110105827
숏폼,[OSEN=지민경 기자] 그룹 보이넥스트도어가 신곡 '똑똑똑'으로 글로벌숏폼플랫폼을 뜨겁게 달구며 본격적인 컴백 청신호를 켰다. 지난 11일 발매된 보이넥스트도어의 정규 1집 'HOME(홈)'의 선공개 곡 '똑똑똑'은 14일 오전 8시 기준 틱톡(TikTok)에서 해당 음원을...,http://v.daum.net/v/20260514110105827
숏폼,"마이리틀셰프, 이나은 주인공숏폼드라마 만들었어요",http://v.daum.net/v/20260514223753155
숏폼,"비피엠지가 요리 시뮬레이션 게임 '마이리틀셰프' IP를 활용한숏폼드라마를 공개했다. 드라마는 국내 최대 외식그룹 상속자가 몰락 이후 요리 대결을 통해 성장하는 이야기를 담았으며, 게임 세계관과 캐릭터 콘셉트를 기반으로 제작됐다. 배우 이나은이 주연을...",http://v.daum.net/v/20260514223753155
숏폼,'1분 승부'에 갇힌 선거전…숏폼경쟁 과열 조짐,http://v.daum.net/v/20260512185302451
숏폼,더불어민주당 허태정 대전시장 후보의 민생 현장을 소개하는숏폼영상(왼쪽). 국민의힘 이장우 대전시장 후보의 공약숏폼영상. 페이스북 갈무리 6·3 지방선거가 이른바숏폼(Short-form) 홍보전으로 달아오르고 있다. 짧은 영상으로 공약과 이미지를 빠르게 전달...,http://v.daum.net/v/20260512185302451
숏폼,"숏폼전성시대…캐논코리아, 영상 특화 카메라 'EOS R6 V' 출시",http://v.daum.net/v/20260514180021033
숏폼,사진 중심이었던 기존 카메라 시장이 영상 중심으로 빠르게 재편되는 흐름을 반영했다. 최근 유튜브·틱톡·인스타그램 릴스 등숏폼콘텐츠 시장이 커지며 일반 소비자들도 고품질 영상 촬영 수요가 확대되고 있어서다. 이번 행사를 위해 한국을 방문한 토쿠라 고...,http://v.daum.net/v/20260514180021033
숏폼,"""짧지만 깊었던 'OK'의 힘""…젊은세대 사로잡은 '29역숏폼왕'",http://v.daum.net/v/20260513174154234
숏폼,‘OK저축은행 29역숏폼왕’ 일반영상 부문 대상작인 정지현 감독의 ‘오케이에 대한 고찰’(왼쪽)과 인공지능(AI)영상 부문 대상작인 김성현 감독의 ‘세상의 모든 읏맨: 각성’의 한 장면. /29초영화제사무국 제공 소셜미디어(SNS) 기반숏폼공모전 ‘29역숏폼왕...,http://v.daum.net/v/20260513174154234
숏폼,"대전시, '전세사기 예방숏폼' 제작…""청년 눈높이 설명""",http://v.daum.net/v/20260513101106830
숏폼,전경. 2026. 05. 13 photo@newsis.com *재판매 및 DB 금지 [대전=뉴시스]곽상훈 기자 = 대전시가 청년들의 전세사기 예방을 위해 '숏폼콘텐츠'를 제작해 눈길을 끈다. 대전시 전세피해지원센터는 최근 고도화되는 전세사기 수법에 대응하고 사회초년생과 청년층의...,http://v.daum.net/v/20260513101106830
숏폼,꿈돌이 ‘전세사기’ 예방숏폼눈길,http://v.daum.net/v/20260513092518283
숏폼,"대전시, 꿈돌이 활용 ‘전세사기 예방숏폼’ 제작·배포",http://v.daum.net/v/20260513090137192
숏폼,꿈돌이가 전세사기 예방법 알려준다…대전시숏폼배포,http://v.daum.net/v/20260513144703258
숏폼,"[IT큐레이션] ""숏폼이 본편을 흔든다"" 웹툰·예능·다큐까지 번지는 변주의 시대",http://v.daum.net/v/20260513123734657
숏폼,냈다. 본편이 살기 위해 변주의 무대를 넓힌 셈이다. 이제는 공존의 시대다. 그 자리에 또한번 새로운 바람이 불고 있다. 바로숏폼이다. 1~2분짜리 짧은 영상을 보고 끝내는 단계를 지나 웹툰·예능·다큐멘터리·OTT 등 기존 장르의 본편 안으로숏폼문법이 직접...,http://v.daum.net/v/20260513123734657
숏폼,"OTT ""짧아야 산다"" 전쟁…아마존,숏폼피드 '클립스' 공개",http://v.daum.net/v/20260510155115235
숏폼,[이데일리 성주원 기자] 아마존 프라임비디오가 틱톡 방식의 세로형숏폼피드를 도입하며 온라인동영상서비스(OTT) 업계의 Z세대 공략 경쟁에 가세했다. 아마존 클립스 화면 예시 (사진=아마존 뉴스룸) 아마존은 지난 8일(현지시간) 공식 뉴스룸을 통해 프라임...,http://v.daum.net/v/20260510155115235
숏폼,'놀뭐?' 유재석 감독 '숏폼드라마' 데뷔작 반응 뜨겁다,http://v.daum.net/v/20260510131849378
숏폼,"""캐릭터 분석은 연기하면서"" iMBC 연예뉴스 사진 iMBC 연예뉴스 사진 유재석 감독의숏폼드라마 데뷔작 '동생이 훔친 내 여자를 다시 뺏기로 했다'가 뜨거운 호응을 얻었다. 9일 방송된 MBC 예능프로그램 '놀면 뭐하니?'(연출 김진용 이주원 김기호 안지선 방성수...",http://v.daum.net/v/20260510131849378
숏폼,"‘감독’ 유재석의숏폼드라마, 57만뷰 돌파",http://v.daum.net/v/20260510170652029
숏폼,"MBC ‘놀면 뭐하니?’ ‘국민 MC’ 유재석이 감독으로 나선숏폼드라마가 뜨거운 반응을 얻고 있다. 지난 9일 방송된 MBC 예능프로그램 ‘놀면 뭐하니?’는 ‘숏폼드라마 찍어유’ 편으로, 유재석이 데뷔작 ‘동생이 훔친 내 여자를 다시 뺏기로 했다’(약칭...",http://v.daum.net/v/20260510170652029
숏폼,"‘퍼포먼스 퀸’ 이채연 신곡 댄스 챌린지, 글로벌숏폼트렌드를 이끌어",http://v.daum.net/v/20260513103017953
숏폼,"데이원드림 가수 이채연의 ‘NTOTD’ 챌린지가 가요계 선후배가 총출동하며 글로벌숏폼을 장악하고 나섰다. 이채연 소속사 데이원드림에 따르면, 이채연의 미니 4집 ‘Till I Die(틸 아이 다이)’의 타이틀곡 ‘No Tears On The Dancefloor(이하 NTOTD)’와 수록곡...",http://v.daum.net/v/20260513103017953
숏폼,'놀면 뭐하니?' 이번에도 통했다... '초저예산'숏폼드라마 완성,http://v.daum.net/v/20260510164753576
숏폼,"최근 4-5월 예능 프로그램 부문 브랜드 평판 1위(한국기업평판연구소 선정)를 기록하는가 하면, 각종 온라인 플랫폼의 하이라이트 및숏폼영상이 수백만 조회수를 기록하며 매서운 기세를 보여주고 있다. 이러한 화제성 확보에 힘입어 신규 고정 멤버 허경환과...",http://v.daum.net/v/20260510164753576
숏폼,"예능계도숏폼열풍…짧아진 호흡, 넓어진 판[SS연예프리즘]",http://v.daum.net/v/20260430063148555
숏폼,"유재석. 사진 | 스포츠서울 DB [스포츠서울 | 김현덕 기자]숏폼은 한동안 예능 바깥의 문법처럼 보였다. 휴대전화 화면 안에서 빠르게 소비되고, 짧고 강한 자극으로 승부하는 콘텐츠. 방송은 그보다 조금 더 길고, 조금 더 느리고, 완결된 형식을 갖춘 영역에...",http://v.daum.net/v/20260430063148555
숏폼,"[이대화의 함께 들어요] [40] 빨라진 K팝 노래, 배경엔숏폼이 있다",http://v.daum.net/v/20260513233715758
숏폼,빠른 K팝 유행을 촉발한 빠른 테크노 흐름은 왜 시작됐을까? 음악 전문가들은 이런 답변을 내놓고 있다. 요즘 유행의 키를 쥔숏폼플랫폼이 속도 높은 음악들을 선호하면서 자연스럽게 흐름이 만들어졌다는 것이다. 몇 초도 안 되어 다음 영상으로 넘기는 세상에서...,http://v.daum.net/v/20260513233715758
숏폼,"수자원공사, 안전숏폼아이디어 공모전 진행",http://v.daum.net/v/20260511141602120
숏폼,안전숏폼아이디어 공모전 포스터. ⓒ한국수자원공사 한국수자원공사가 생활 속 안전 문화 확산을 위해 ‘2026년 K-water 안전숏폼아이디어 공모전’을 진행한다. 한국수자원공사는 지난 6일부터 오는 25일까지 안전숏폼아이디어 공모전을 진행하고 있다고 11일...,http://v.daum.net/v/20260511141602120
숏폼,수자원공사 25일까지 'K-water 안전숏폼아이디어' 공모전,http://v.daum.net/v/20260511153002853
숏폼,"수자원공사, 국민 안전 문화 확산에 나서…숏폼아이디어 공모전 개최",http://v.daum.net/v/20260511163753428
숏폼,"수공, 25일까지 안전숏폼아이디어 공모",http://v.daum.net/v/20260511174202209
숏폼,"[단독]BTS 게임으로 新 장르 열고숏폼승부수..정민채 대표 ""자부심 있죠""[★연구소] [인터뷰①]",http://v.daum.net/v/20260510060420105
숏폼,"애니메이션, 오리지널 IP 개발까지 콘텐츠 산업 전반으로 영역을 넓혀왔다. 정 대표는 빠르게 변하는 콘텐츠 소비 흐름 속에서숏폼시장의 가능성을 읽고 있었다. 다만 그의 시선은 단순히 '짧은 영상'이나 일시적인 유행에 머물러 있지 않았다. 하나의 강력한 IP를...",http://v.daum.net/v/20260510060420105
숏폼,맥락 사라지고 순간 발언만…30초 '숏폼' 선거의 명암,http://v.daum.net/v/20260514103423215
숏폼,부산시장 선거 후보 토론 관련숏폼[유튜브 캡처. 재판매 및 DB 금지] (부산=연합뉴스) 김선호 기자 = 6·3 지방선거 출마자들이 30초짜리 '숏폼'을 홍보에 집중 활용하고 있다. 지난 12일 전재수 더불어민주당 후보와 박형준 국민의힘 후보가 맞붙은 첫 번째 부산...,http://v.daum.net/v/20260514103423215
숏폼,숏폼세계의 비밀 아닌 비밀을 공개합니다,http://v.daum.net/v/20260511234417549
숏폼,"“30년쯤 뒤엔숏폼영상이 최악의 발명으로 기록될 것 같지 않아?” 요즘 일상을 힘들게 하는 것이 무엇인지 얘기하던 점심 자리에서, 아는 언니가 대뜸 이렇게 말했다. “왜 근대에 애들한테 먹이는 진정 물약(모르핀이 함유돼 있었다)이 유행한 것처럼?” 내가...",http://v.daum.net/v/20260511234417549
숏폼,"“읽던 웹툰이 움직인다”…카카오 픽코마, 일본에서숏폼애니로 IP 확장 승부수",http://v.daum.net/v/20260510145915952
숏폼,"픽코마(piccoma)’를 앞세워 새로운 확장에 나선다. 일본 만화 시장 성장세가 둔화되는 가운데 웹툰·만화 지식재산권(IP)을숏폼애니메이션으로 확장하는 실험에 본격 착수한 것이다. 단순히 작품을 유통하는 플랫폼을 넘어, 하나의 IP를 웹툰·영상·굿즈 등 다양...",http://v.daum.net/v/20260510145915952
숏폼,"유재석숏폼연출작, 드디어 오늘(9일) 공개…삼각 치정 멜로극, 주인공은 김성균 캐스팅 ('놀뭐')",http://v.daum.net/v/20260509153154451
숏폼,[텐아시아=이소정 기자] 모든 장르를 총망라한 유재석 감독 표숏폼드라마가 오늘(9일) 베일을 벗는다./사진제공=MBC 모든 장르를 총망라한 유재석 감독 표숏폼드라마가 오늘(9일) 베일을 벗는다. 9일 방송되는 MBC 예능프로그램 '놀면 뭐하니?'에서는 유재석...,http://v.daum.net/v/20260509153154451
숏폼,"황정민 특별출연, OST 백지영..'놀뭐' 고퀄숏폼드라마 '주목'",http://v.daum.net/v/20260510093217156
숏폼,[스타뉴스 | 김미화 기자] /사진='놀면 뭐하니' 유재석 감독의숏폼드라마 데뷔작 '동생이 훔친 내 여자를 다시 뺏기로 했다'가 중독적인 매력을 자랑하고 있다. 지난 9일 방송된 MBC 예능프로그램 '놀면 뭐하니?'는 '숏폼드라마 찍어유' 편으로 그려졌다. 유재석...,http://v.daum.net/v/20260510093217156
숏폼,"‘놀면 뭐하니’ 유재석숏폼, 뜨거운 반응",http://v.daum.net/v/20260510074855922
숏폼,"‘놀면 뭐하니’ 유재석숏폼, 뜨거운 반응 (제공: MBC) 유재석 감독의숏폼드라마 데뷔작 ‘동생이 훔친 내 여자를 다시 뺏기로 했다’가 뜨거운 반응을 일으켰다. 지난 9일 방송된 MBC 예능프로그램 ‘놀면 뭐하니?’는 ‘숏폼드라마 찍어유’ 편으로 꾸며졌다...",http://v.daum.net/v/20260510074855922
숏폼,"'놀면 뭐하니?' 유재석,숏폼드라마 감독 데뷔",http://v.daum.net/v/20260508101505602
숏폼,"황정민도 나올까? 유재석,숏폼드라마 제작 돌입(놀뭐)",http://v.daum.net/v/20260504165639423
숏폼,‘김석훈X김성균’ 초호화 캐스팅… 유재석 ‘숏폼드라마’ 감독 데뷔 (‘놀면 뭐하니’)[종합],http://v.daum.net/v/20260509204201608
숏폼,아마존도 맛보기숏폼도입…프라임비디오에 '클립스' 추가,http://v.daum.net/v/20260510092903095
숏폼,(로스앤젤레스=연합뉴스) 김경윤 특파원 = 넷플릭스와 디즈니플러스(+)에 이어 아마존 프라임 비디오도숏폼(짧은 길이) 영상 서비스에 뛰어든다. 미국 IT전문 매체 마셔블은 9일(현지시간) 아마존이 프라임 비디오 모바일 애플리케이션(앱)에 '클립스' 기능을 추가...,http://v.daum.net/v/20260510092903095
숏폼,러블리즈 출신 정예인 “숏폼드라마 ‘악녀 계모의…’ 검토 중” [공식],http://v.daum.net/v/20260513154116094
숏폼,"정예인/뉴스엔DB [뉴스엔 이민지 기자] 러블리즈 출신 정예인이숏폼드라마 주인공 제안을 받고 검토 중이다. 정예인이숏폼드라마 '악녀 계모의 몸에서 살아남는 방법' 주연으로 발탁됐다는 보도가 나온 가운데 5월 13일 소속사 써브라임 측은 뉴스엔에 ""검토 중...",http://v.daum.net/v/20260513154116094
숏폼,국립중앙도서관 ‘코리안메모리’ 개편…숏폼·AI 학습 데이터 강화,http://v.daum.net/v/20260512095315161
숏폼,"중앙도서관이 디지털 아카이브 ‘코리안메모리’를 전면 개편하고 한국문화 콘텐츠를 대폭 강화했다. 텍스트 중심이던 콘텐츠를숏폼영상으로 확장하고 검색 기능도 고도화하면서, AI 학습 데이터로서의 활용 가능성도 넓혔다. 국립중앙도서관은 디지털 지식문화...",http://v.daum.net/v/20260512095315161
숏폼,"[단독]NCT 제노·재민→톱배우까지..정민채 대표 ""숏폼은 메가 트렌드""[★연구소] [인터뷰②]",http://v.daum.net/v/20260510060403101
숏폼,스타뉴스 | 김나연 기자] 정민채 대표 / 사진=테이크원컴퍼니 -인터뷰①에 이어 특히 테이크원컴퍼니는 지난 1월 글로벌 K-POP숏폼플랫폼 '킷츠'(KITZ)를 출시했다. 'Kinema Shortz'에서 따온 킷츠는 영화를 보는 듯한 감각적인 프리미엄숏폼드라마 및 K-POP...,http://v.daum.net/v/20260510060403101
숏폼,"‘놀뭐’ 유재석,숏폼드라마 감독 된다... 김석훈 “이런 현장 처음” 감탄",http://v.daum.net/v/20260508134455827
숏폼,사진=MBC 제공 ‘국민 MC’ 유재석이숏폼드라마 감독에 도전한다. 9일 방송되는 MBC 예능 ‘놀면 뭐하니?’(이하 ‘놀뭐’)에서는 유재석이 연출을 맡고 하하가 집필에 참여한숏폼드라마 ‘동생이 훔친 내 여자를 다시 뺏기로 했다’(약칭 ‘동훔내여다뺏...,http://v.daum.net/v/20260508134455827
숏폼,"농식품부, '농어촌 기본소득숏폼공모전' 개최",http://v.daum.net/v/20260510110217693
숏폼,"농어촌 기본소득 시범사업' 대상 지역 주민들의 생생한 체감 사례와 현장 목소리를 듣고, 정책에 대한 국민적 공감대를 얻기 위한 '숏폼콘텐츠' 공모전을 개최한다고 10일 밝혔다. 농어촌 기본소득은 인구 감소와 고령화 등으로 소멸 위기가 심각한 농어촌 지역을...",http://v.daum.net/v/20260510110217693
숏폼,"유재석,숏폼드라마로 대박…40만뷰 터진 ‘동훔내여다뺏’ (놀뭐)",http://v.daum.net/v/20260510074753915
숏폼,[스포츠동아 이정연 기자] 유재석이 첫숏폼드라마 연출작으로 웃음과 조회수를 모두 잡았다. 9일 방송된 MBC ‘놀면 뭐하니?’는 ‘숏폼드라마 찍어유’ 편으로 꾸며졌다. 유재석은숏폼드라마 ‘동생이 훔친 내 여자를 다시 뺏기로 했다’(약칭 ‘동훔내여다뺏...,http://v.daum.net/v/20260510074753915
숏폼,"시청률 한 자릿수인데…유재석, 결국 결단 내렸다숏폼드라마 감독으로 데뷔 ""이게 내 추구미"" ('놀뭐')",http://v.daum.net/v/20260509080217560
숏폼,[텐아시아=김세아 기자] 방송인 유재석이 취재진 앞에 섰다. / 사진=텐아시아DB 유재석 감독의숏폼드라마 데뷔작 '동생이 훔친 내 여자를 다시 뺏기로 했다' 대본 리딩 현장이 공개됐다. 앞서 '놀면 뭐하니?'는 최근 전국 가구 시청률 4%대를 기록했다. 9일 방송...,http://v.daum.net/v/20260509080217560
숏폼,"“흔한 부시장님의 앙탈”… 여주시,숏폼챌린지로 여주쌀 홍보 ‘돌풍’",http://v.daum.net/v/20260511142018377
숏폼,/여주시 유튜브 쇼츠 영상 캡처 여주시가 김광덕 부시장(시장 권한대행)을 주인공으로 한 유튜브숏폼콘텐츠를 공개해 여주지역 온오프라인에서 선풍적인 인기를 끌고 있다. 시 홍보미디어팀은 지역 대표 특산물 ‘대왕님표 여주쌀’을 친근하게 알리기 위해 김광덕...,http://v.daum.net/v/20260511142018377
숏폼,"숏폼시대 역행하는 엔믹스, 묵직한 사운드로 차별화",http://v.daum.net/v/20260514114305450
숏폼,록 밴드들이 7~8분대 이상의 대곡에서나 시도할 법한 구조적 변화가 단 3분짜리 노래 안에 빼곡하게 담겨 있다. 빠른 중독성과숏폼챌린지에 최적화된 단순 반복형 구성이 주류가 된 요즘 케이팝 시장에서 엔믹스는 오히려 묵직한 사운드와 밀도 높은 악곡 전개로...,http://v.daum.net/v/20260514114305450
숏폼,옥천전국연극제 홍보숏폼공모전…대상 200만원,http://v.daum.net/v/20260512093807467
숏폼,옥천전국연극제 홍보숏폼공모전 홍보물(옥천군 제공. 재판매 및 DB금지)/뉴스1 (옥천=뉴스1) 장인수 기자 = 충북 옥천군은 옥천전국연극제 홍보숏폼(짧은 영상) 공모전을 진행한다고 12일 밝혔다. 주제는 옥천전국연극제를 효과적으로 알릴 수 있는 창의적인 홍보...,http://v.daum.net/v/20260512093807467
숏폼,“수염 자국 있는데” 허경환 ‘숏폼드라마’ 여주 발탁 (‘놀면 뭐하니’),http://v.daum.net/v/20260509192103506
숏폼,"‘놀면 뭐하니’. 사진 I MBC 허경환이숏폼드라마의 여자 주인공으로 발탁됐다. 9일 오후 방송된 MBC 예능프로그램 ‘놀면 뭐하니?’(연출 김진용 장우성 장효종 왕종석, 작가 최혜정)에서 멤버들은 ‘동생이 훔친 내 여자를 다시 뺏기로 했다’숏폼드라마를 제작...",http://v.daum.net/v/20260509192103506
숏폼,"""진안의 아름다움을 소개합니다""…공무원 대상숏폼콘테스트",http://v.daum.net/v/20260512105137366
숏폼,"전북 진안군이 '2026~2027 방문의 해'를 맞아 군청 부서를 대상으로숏폼콘테스트를 개최했다.(진안군제공, 재판매 및 DB금지)2026.5.12/뉴스1 (진안=뉴스1) 김동규 기자 = 전북 진안군은 '2026~2027 방문의 해' 홍보를 위해 공직자 대상숏폼콘테스트를 개최...",http://v.daum.net/v/20260512105137366
숏폼,"‘1분에 8개꼴’ 보이넥스트도어, 선공개곡 ‘똑똑똑’으로숏폼휩쓸었다",http://v.daum.net/v/20260514093952874
숏폼,"사진제공 | KOZ 엔터테인먼트 [스포츠동아 장은지 기자] 그룹 보이넥스트도어가 정규 1집 선공개곡 ‘똑똑똑’으로 글로벌숏폼시장에서 폭발적인 반응을 얻고 있다. 지난 11일 베일을 벗은 ‘똑똑똑’은 발매 4일 만인 14일 오전 기준, 틱톡 내 관련 영상 게시물이...",http://v.daum.net/v/20260514093952874
숏폼,"컴포즈커피, 여름 신메뉴 4종 출시…김원훈 협업 코믹숏폼공개",http://v.daum.net/v/20260512093909514
숏폼,[서울=뉴시스] 컴포즈커피가 여름 시즌을 맞아 과일 음료·컵빙수 등 신제품 4종을 출시하고 개그맨 김원훈과 협업한 코믹숏폼콘텐츠를 공개한다.(사진=컴포즈커피 제공) *재판매 및 DB 금지 [서울=뉴시스]김상윤 기자 = 컴포즈커피가 여름 시즌을 맞아 과일 음료...,http://v.daum.net/v/20260512093909514
숏폼,AI숏폼공모 통해 순천의 미래 본다,http://v.daum.net/v/20260511090724621
숏폼,"순천시'2026년 AI숏폼영상 공모전'포스터. 전남 순천시가 인공지능 기술을 활용한 '2026년 AI숏폼영상 공모전'을 열고 참가 접수를 시작했다. 이번 공모전은 디지털 전환 흐름에 맞춰 창의적 콘텐츠를 발굴하고, 생태와 기술이 결합된 도시 미래상을 널리 알리기...",http://v.daum.net/v/20260511090724621
숏폼,"고윤,숏폼드라마 ‘불륜녀의 딸을 키웠다’ 주인공 낙점",http://v.daum.net/v/20260513111417432
숏폼,배우 고윤 아이오케이이엔엠 배우 고윤이 드라마박스 ‘불륜녀의 딸을 키웠다’ 주인공 권우진 역으로 출연한다. 고윤이 글로벌숏폼드라마 플랫폼 드라마박스의 신작 ‘불륜녀의 딸을 키웠다’를 이끌 주연으로 캐스팅됐다고 13일 전했다. 그가 출연하는 ‘불륜녀...,http://v.daum.net/v/20260513111417432
숏폼,"카카오픽코마,숏폼'애니메' 신설…K팝·웹툰 융합 콘텐츠 맞손",http://v.daum.net/v/20260508093905792
숏폼,"예비 창작자를 대상으로 한 저작권 교육 프로그램도 확대할 방침이다. 카카오픽코마 제공 카카오픽코마, 일본 만화·웹툰 IP숏폼영상으로 확장 카카오의 일본 콘텐츠 자회사 카카오픽코마가 디지털 만화·소설 플랫폼 '픽코마'에숏폼애니메이션 전용 카테고리를...",http://v.daum.net/v/20260508093905792
숏폼,"유재석,숏폼드라마 오늘 공개",http://v.daum.net/v/20260509162110202
숏폼,"TV '놀면 뭐하니' 제공) 2026.05.09. photo@newsis.com *재판매 및 DB 금지 [서울=뉴시스]이재훈 기자 = '국민 MC' 유재석 감독 표숏폼드라마가 베일을 벗는다. 9일 오후 6시25분 방송되는 MBC TV 예능물 '놀면 뭐하니?'에선 유재석 감독, 하하 작가, 주우재...",http://v.daum.net/v/20260509162110202
숏폼,"유재석, '숏폼드라마' 제작 도전…김성균·김석훈 캐스팅했다 (놀뭐)[종합]",http://v.daum.net/v/20260502200234517
숏폼,유재석도 '숏폼드라마' 도전한다 (놀뭐),http://v.daum.net/v/20260502185835873
숏폼,유재석 ‘숏폼드라마’ 제작… 김석훈X김성균 캐스팅 확정 (‘놀면 뭐하니’)[종합],http://v.daum.net/v/20260502205108015
숏폼,"유재석, 이젠숏폼드라마 연출까지…김석훈·김성균까지 나섰다 (놀뭐)",http://v.daum.net/v/20260509102515204
숏폼,"MBC| (엑스포츠뉴스 이창규 기자)숏폼드라마 감독으로 데뷔하게 된 유재석이 내놓을 작품에 대한 기대감이 높아지고 있다. 9일 방송되는 MBC 예능프로그램 ‘놀면 뭐하니?’('놀뭐')에서는 유재석 감독, 하하 작가, 주우재 조감독이 합심해 만든숏폼드라마...",http://v.daum.net/v/20260509102515204
숏폼,"옥천군, 제3회 전국연극제숏폼공모…총상금 500만원",http://v.daum.net/v/20260512114154500
숏폼,"(옥천=연합뉴스) 박병기 기자 = 충북 옥천군은 올해 10월 개최 예정인 제3회 전국연극제 홍보숏폼을 내달 30일까지 공모한다고 12일 밝혔다.숏폼공모전 포스터 [옥천군 제공. 재판매 및 DB금지] 국민 누구나 3점까지 참여할 수 있고, 올해 전국연극제와 공연작을...",http://v.daum.net/v/20260512114154500
숏폼,"유재석숏폼'동훔내여다뺏', 반응 터졌다…하루만에 조회수 60만회 기록",http://v.daum.net/v/20260510181017629
숏폼,훔친 내 여자를 다시 뺏기로 했다 / 사진=MBC 놀면 뭐하니 공식 유튜브 채널 캡처 [스포츠투데이 임시령 기자] 유재석 감독의숏폼드라마 데뷔작 '동생이 훔친 내 여자를 다시 뺏기로 했다' 조회수가 폭발했다. 지난 9일 MBC 예능 프로그램 '놀면 뭐하니?' 공식...,http://v.daum.net/v/20260510181017629
숏폼,"'놀면 뭐하니?' 유재석,숏폼드라마계 거장 되나…김성균 ""신뢰 쌓여""",http://v.daum.net/v/20260508143423779
숏폼,[이데일리 스타in 김가영 기자] ‘놀면 뭐하니?’ 유재석이 감도긍로 나서숏폼드라마계 거장을 꿈꾼다. 사진=MBC 오는 9일 방송되는 MBC 예능프로그램 ‘놀면 뭐하니?’에서는 유재석이 연출을 하고 하하가 집필을 맡은숏폼드라마 ‘동생이 훔친 내 여자를 다시...,http://v.daum.net/v/20260508143423779
숏폼,"예산군청소년상담복지센터, “숏폼·게임 과몰입 막는다” 부모교육 참여자 모집",http://v.daum.net/v/20260511170723789
숏폼,"돕기 위해 '2026 스마트폰 과의존 예방 부모교육' 참여자를 모집한다고 밝혔다. 최근 청소년들이 틱톡, 유튜브 쇼츠, 인스타 릴스 등숏폼콘텐츠와 온라인 게임에 쉽게 노출되면서 짧고 자극적인 콘텐츠 소비에 따른 주의력 저하와 과몰입 문제가 증가하고 있다...",http://v.daum.net/v/20260511170723789
숏폼,"당신이숏폼에서 본 드라마, AI가 어제 만들었다",http://v.daum.net/v/20260513123300580
숏폼,카카오 콘텐츠 해법은 '숏폼애니'…스토리 부문 돌파구 될까,http://v.daum.net/v/20260507160334838
숏폼,축인 스토리 부문에서는 성장 둔화세가 나타났다. 카카오는 거래액 확대만으로는 한계가 드러난 일본 전자만화 시장에서 작품 IP를숏폼애니메이션으로 확장하는 방식으로 체류 시간과 몰입도를 끌어올리겠다는 전략을 꺼냈다. 7일 카카오에 따르면 올해 1분기...,http://v.daum.net/v/20260507160334838
숏폼,15초에 지갑 열린다…e커머스 '숏폼' 경쟁,http://v.daum.net/v/20260513110302773
숏폼,e커머스 업계가 짧은 영상 콘텐츠를 활용한 '숏폼' 마케팅 강화에 속도를 내고 있다. 소비자 시선을 즉각적으로 사로잡아 구매로 연결하는 콘텐츠 경쟁력이 핵심 동력으로 부상했기 때문이다. 쿠팡은 최근 입점 판매자를 대상으로 한 '숏츠 올인원 패키지'를...,http://v.daum.net/v/20260513110302773
숏폼,"[이슈] '캐치캐치'로숏폼장악한 이준, '워크맨' 이어 '유퀴즈' 섭렵",http://v.daum.net/v/20260515083001513
숏폼,"박명수 이어 정준하, '놀뭐'서 역대급 웃음 사냥...숏폼드라마서 '여장'으로 현장 초토화 ('놀면 뭐하니')",http://v.daum.net/v/20260509193545719
숏폼,(MHN 김소영 기자) 막장숏폼드라마 '동생이 훔친 내 여자를 다시 뺏기로 했다'('동훔내여다뺏') 촬영 현장이 베일을 벗었다. 9일 MBC '놀면 뭐하니?'에서는숏폼드라마 제작자로 나선 멤버들의 모습이 그려졌다. 이날 작업 전 회의 중 주우재는 자신이 PPL을...,http://v.daum.net/v/20260509193545719
숏폼,"[장선영의 책놀이 16]숏폼의 늪에 빠진 아이들, ‘생각하는 힘’을 깨우는 부모의 지혜",http://v.daum.net/v/20260504204128385
숏폼,"기자] 요즘 어디를 가나 스마트폰 속에서 1분 내외의 짧고 강렬한 영상들이 쉴 새 없이 흐릅니다. 틱톡, 릴스, 쇼츠로 대표되는숏폼(Short-form) 콘텐츠는 이제 단순한 유행을 넘어, 우리 삶을 지배하는 거대한 미디어 패러다임이 되었습니다. 스마트폰 보급률이...",http://v.daum.net/v/20260504204128385
숏폼,"백지영X대니구, ’놀뭐’숏폼드라마 OST 참여..초호화 캐스팅",http://v.daum.net/v/20260509193554720
숏폼,방송 시청 후 작성된 리뷰 기사입니다. [OSEN=지민경 기자] 가수 백지영과 바이올리니스트 대니 구가 ‘놀면 뭐하니?’숏폼드라마 OST에 참여했다. 9일 오후 방송된 MBC ‘놀면 뭐하니?’에서는 유재석의 감독 데뷔작숏폼드라마 ‘동생이 훔친 내 여자를 다시...,http://v.daum.net/v/20260509193554720
숏폼,"2054 시청률+수도권 가구 시청률 土 예능 1위 '놀뭐?' 유재석 감독,숏폼드라마 제작 돌입",http://v.daum.net/v/20260503133147996
숏폼,"""스토리를 들은 게 없는데…"" iMBC 연예뉴스 사진 '놀면 뭐하니?' 유재석이숏폼드라마 감독으로 데뷔, '믿보배' 김석훈-김성균 섭외에 성공했다. 5월 2일 방송된 MBC 예능프로그램 '놀면 뭐하니?'(연출 김진용 이주원 김기호 안지선 방성수 박은진/작가 노민선...",http://v.daum.net/v/20260503133147996
숏폼,'여주인공' 허경환 두고 삼각관계…유재석숏폼드라마 '동훔여다뺏' 공개 ('놀면 뭐하니'),http://v.daum.net/v/20260508120217591
숏폼,"MBC 제공 <방송사에서 제공한 자료를 바탕으로 작성된 프리뷰 기사입니다.> [OSEN=장우영 기자] 감독 유재석, 작가 하하의숏폼드라마 ‘동생이 훔친 내 여자를 다시 뺏기로 했다’가 드디어 베일을 벗는다. 오는 9일 방송되는 MBC ‘놀면 뭐하니?’에서는 배우...",http://v.daum.net/v/20260508120217591
숏폼,"'동생이 훔친 내 여자를 다시 뺏기로 했다' 유재석,숏폼드라마 오늘(9일) 공개",http://v.daum.net/v/20260509100500963
숏폼,"(MHN 김설 기자) 유재석표숏폼드라마가 오늘(9일) 베일을 벗는다. 9일 방송되는 MBC 예능 프로그램 '놀면 뭐하니?'에서는 유재석 감독, 하하 작가, 주우재 조감독이 합심하여 제작한숏폼드라마 '동생이 훔친 내 여자를 다시 뺏기로 했다'의 제작기와 본편이 공개...",http://v.daum.net/v/20260509100500963
숏폼,수원시 '수원 다시보다' 주제로숏폼공모전,http://v.daum.net/v/20260506082855480
숏폼,"경기 수원시가숏폼공모전을 개최한다. 수원시는 '2026~2027 수원 방문의 해'를 맞아 '수원, 다시보다'를 주제로숏폼공모전을 연다고 6일 밝혔다. 수원의 숨은 매력을 감각적으로 담아낸 1분 이내 영상을 제작해 참가신청서와 함께 6월 3일까지 전자우편...",http://v.daum.net/v/20260506082855480
숏폼,"허경환, ‘놀뭐’숏폼드라마 여주인공으로 발탁 “내게 중독될 것”",http://v.daum.net/v/20260509145938936
숏폼,MBC 예능프로그램 ‘놀면 뭐하니?’(연출 김진용 이주원 김기호 안지선 방성수 박은진/작가 노민선)에서는 유재석 감독의 데뷔작숏폼드라마 ‘동생이 훔친 내 여자를 다시 뺏기로 했다(약칭 ‘동훔내여다뺏’)’가 첫 공개된다. 제목부터 고자극 도파민 폭발...,http://v.daum.net/v/20260509145938936
숏폼,순천 ‘AI로 미리 보는 순천의 미래’숏폼영상 공모전…총상금 500만원,http://v.daum.net/v/20260508102515064
숏폼,순천시 인공지능(AI)숏폼영상 공모전 포스터 순천시가 오는 31일까지 전 국민을 대상으로 ‘2026년 순천시 인공지능(AI)숏폼영상 공모전’을 개최한다. 이번 공모전은 인공지능(AI) 대전환 시대에 발맞춰 최신 AI 기술을 활용한 창의적인 아이디어를 발굴하고...,http://v.daum.net/v/20260508102515064
숏폼,"'놀면 뭐하니?' 허경환, 여장 감행…유재석숏폼드라마 오늘(9일) 공개 [TV스포]",http://v.daum.net/v/20260509151116133
숏폼,"사진=MBC [스포츠투데이 김태형 기자] 모든 장르를 총망라한 유재석 감독표숏폼드라마가 오늘(9일) 베일을 벗는다. 9일 방송되는 MBC '놀면 뭐하니?'에는 유재석 감독, 하하 작가, 주우재 조감독이 합심해 만든숏폼드라마 '동생이 훔친 내 여자를 다시 뺏기로...",http://v.daum.net/v/20260509151116133
숏폼,"중, 트럼프 방중 앞두고 미중협력 강조한 '평화공존'숏폼공개",http://v.daum.net/v/20260511194803402
숏폼,▲ 중국 외교부가 공개한숏폼'평화공존' 중국이 도널드 트럼프 미국 대통령과 시진핑 중국 국가주석의 정상회담을 앞두고 양국 협력과 상생을 강조하는 영상을 공개했습니다. 중국 외교부는 오늘(11일) 오후 위챗 공식 계정에 '평화공존'이라는 제목의 약 2분 15초...,http://v.daum.net/v/20260511194803402
숏폼,"“풀경기는 너무 길다”숏폼이 대세인 스포츠 시청 패턴, 2030 ‘도파민 소비’ 가속",http://v.daum.net/v/20260503100107972
숏폼,"24시간이 모자란 2030 세대에게 스포츠 중계 특유의 ‘지루함’은 더 이상 인내의 대상이 아니다. 대신 이들은 1분 내외의 강렬한숏폼과 핵심만 담은 하이라이트에 열광하며, 즉각적인 즐거움을 찾는 이른바 ‘도파민 소비’에 몰두하고 있다. 젊은 세대가 스포츠...",http://v.daum.net/v/20260503100107972
숏폼,"사조그룹, AI 활용숏폼영상 공모전 개최… 총 상금 1000만원 규모",http://v.daum.net/v/20260506092936710
숏폼,"(사진=사조그룹) [이데일리 이윤정 기자] 사조그룹이 ‘사조 AI숏폼영상 공모전’을 개최한다. 이번 공모전은 ‘원료에서 식탁까지, 종합식품기업 사조’를 주제로 생성형 AI를 활용해 사조의 브랜드와 사업 흐름을 창의적으로 표현한숏폼영상을 모집하는 행사다...",http://v.daum.net/v/20260506092936710
숏폼,"[컨콜] 카톡숏폼, '메신저 밖 성장' 열었다…""광고 매출 구조 바꿔""",http://v.daum.net/v/20260507100328198
숏폼,"단순 메신저를 넘어 콘텐츠 탐색과 발견, 관계와 관심사가 연결되는 플랫폼으로 진화하고 있다""고 밝혔다. 핵심은숏폼이다. 카카오에 따르면 카카오톡숏폼서비스의 4월 기준 일평균 유효 재생수는 서비스 출시 직후 대비 2배 이상 증가했다. 크리에이터 확대에...",http://v.daum.net/v/20260507100328198
숏폼,방송 활동 전인데…베이비몬스터 '춤' 챌린지숏폼시장 점령,http://v.daum.net/v/20260507171753772
숏폼,"/사진=YG엔터테인먼트 그룹 베이비몬스터가 미니 3집 타이틀곡 '춤(CHOOM)'으로 글로벌숏폼시장을 점령하며 컴백 열기를 더하고 있다. 7일 YG엔터테인먼트에 따르면 유튜브, 인스타그램, 틱톡 등 주요 플랫폼에서 '춤(CHOOM)' 음원을 활용한 콘텐츠는 공개 이틀...",http://v.daum.net/v/20260507171753772
숏폼,"숏폼황태자 백주호, 11일 현역 입대 “늦게 가는 만큼 성실하게”[공식]",http://v.daum.net/v/20260508100717222
숏폼,등 다양한 웹드라마뿐만 아니라 연극 ‘여도’의 주연 이성 역을 맡는 등 안정적인 연기력을 선보여 왔다. 특히 백주호는 지난해숏폼드라마 ‘쏘니의 경쟁’에서 1인 2역을 소화하며 ‘숏폼드라마계 황태자’로 성장했다. 백주호는 소속사 해와달엔터테인먼트를...,http://v.daum.net/v/20260508100717222
숏폼,"‘숏폼계 황태자’ 백주호, 5월 11일 입대... “성숙한 모습으로 돌아오겠다”",http://v.daum.net/v/20260508124454510
숏폼,"없이 꾸준한 모습을 보여드리겠다. 항상 실망시킬 일 없이, 더욱 성숙한 모습으로 돌아오겠다”라고 포부를 밝혔다. 백주호는 2025년숏폼드라마 ‘쏘니의 경쟁’에서 게임회사 SB게임즈 창업자 아들인 손진우 역을 맡, 동명이인의 고교 동창 손진우(차선우)와 영혼...",http://v.daum.net/v/20260508124454510
숏폼,"아마존, 프라임 비디오에숏폼‘클립스’ 도입...美 출시 후 확대 계획",http://v.daum.net/v/20260510101753954
숏폼,"아마존의 OTT서비스 ‘아마존 프라임 비디오'. 넷플릭스와 디즈니플러스(+)에 이어 아마존 프라임 비디오도숏폼(짧은 길이의 영상) 시장에 진입한다. 9일(현지 시각) 주요 외신에 따르면, 아마존은 최근 프라임 비디오 앱에 ‘클립스(Clips)’라는 짧은 영상 피드를...",http://v.daum.net/v/20260510101753954
숏폼,"'핑계고' 성공시킨 유재석, 이번엔숏폼드라마 도전..지나가던 황정민까지 '섭외'",http://v.daum.net/v/20260503104211704
숏폼,"[스포츠조선 조지영 기자] 유재석의 선구안이숏폼드라마까지 미쳤다. 지난 2일 방송된 MBC 예능프로그램 '놀면 뭐하니?'에서는 '숏폼드라마 프로젝트'를 시작하는 유재석, 하하, 허경환, 주우재의 모습이 그려졌다. 대본도 없는 상태에서 일단 캐스팅부터 막장...",http://v.daum.net/v/20260503104211704
숏폼,"유재석,숏폼드라마 제작 도전→황정민 길거리 캐스팅 ""형, 어디 가?"" ('놀뭐')",http://v.daum.net/v/20260502091834437
숏폼,"기자] 유재석이 우연히 만난 배우 황정민에게 길거리 캐스팅을 시도한다. 2일 MBC 예능 ‘놀면 뭐하니?’에서는 ‘도파민 폭발’숏폼드라마 제작을 위해 발 벗고 캐스팅에 나선 유재석 감독과 하하, 허경환, 주우재의 모습이 그려진다. 공개된 사진 속에는 대어...",http://v.daum.net/v/20260502091834437
숏폼,안양문화고·㈜디자인씨씨 ‘맞손’…숏폼중심 e-커머스 인재 키운다,http://v.daum.net/v/20260507143041520
숏폼,씨씨와 ‘2026 산학맞춤반 e-커머스 과정 운영 및 상호 발전을 위한 산학협력 업무협약’을 체결했다고 7일 밝혔다. 이번 협약은숏폼콘텐츠와 동영상 마케팅 분야로 사업 영역을 확장 중인 ㈜디자인씨씨의 수요와 기업 현장에 즉각 투입 가능한 전문 인력을 육성...,http://v.daum.net/v/20260507143041520
숏폼,"'300억 부동산' 유재석,숏폼드라마 감독 됐다…황정민 캐스팅 유력, 순식간에 빌드업 ('놀뭐')",http://v.daum.net/v/20260502100132820
숏폼,"놀면 뭐하니?' 멤버들에게 길거리 캐스팅을 당한다. 2일 방송되는 MBC 예능프로그램 '놀면 뭐하니?'에서는 '도파민 폭발'숏폼드라마 제작을 위해 발 벗고 캐스팅에 나선 유재석 감독과 하하, 허경환, 주우재의 모습이 그려진다. 사진 속에는 대어 황정민을 포착...",http://v.daum.net/v/20260502100132820
숏폼,"'레트로 댄스 통했다'…최예나 '캐치 캐치', 中숏폼시장 강타",http://v.daum.net/v/20260506162511024
숏폼,"유지 중이며, 중국어 버전 또한 '피크 트렌드 차트', '신곡 실시간 차트', '인기곡 차트' 등 주요 차트 상위권에 이름을 올렸다.숏폼플랫폼에서의 화제성도 압도적이다. 도우인(중국 틱톡)에서 진행 중인 '캐치 캐치' 챌린지는 누적 조회수 9억 뷰를 돌파하며 10억...",http://v.daum.net/v/20260506162511024
숏폼,어마어마한 기세…시청률 9.2%→안방·숏폼까지 모두 장악한 19년 장수 예능 ('1박 2일'),http://v.daum.net/v/20260512091706478
숏폼,"펼치게 됐다. 본격적인 여행에 앞서 '1박 2일' 팀은 최근 야구장 응원단상에서 선보인 '캐치 캐치' 챌린지 댄스로 하루아침에 '숏폼대통령'이 된 이준의 근황을 언급했다. 이준은 ""댓글들이 내가 예상했던 반응이 아니어서 당황했다. 나는 대중이 멋있어할 거라고...",http://v.daum.net/v/20260512091706478
숏폼,"대배우 황정민, 길거리 캐스팅에 당황…‘놀뭐’숏폼드라마 출연하나?",http://v.daum.net/v/20260502105859583
숏폼,방송인 유재석이 우연히 만난 배우 황정민을숏폼드라마에 캐스팅하기 위해 나선다. iMBC 연예뉴스 사진 오늘(2일) 오후 방송되는 MBC 예능프로그램 ‘놀면 뭐하니?’(연출 김진용 이주원 김기호 안지선 방성수 박은진/작가 노민선)에서는 ‘도파민 폭발’숏폼...,http://v.daum.net/v/20260502105859583
숏폼,"""이 조합 실화?""…유재석숏폼드라마, 김성균·김석훈 합류에 허경환 여장까지 (놀뭐)",http://v.daum.net/v/20260507185217509
숏폼,"MBC '놀면 뭐하니' 선공개 캡쳐 (엑스포츠뉴스 정연주 기자) 유재석과 '놀뭐' 팀의숏폼드라마 대본 리딩 영상이 공개됐다. 배우 김성균, 김석훈이 합류한 가운데 허경환의 여장이 예고돼 파장이 예상된다. 지난 6일 '놀면 뭐하니' 공식 유튜브 채널에 '대본 리딩...",http://v.daum.net/v/20260507185217509
숏폼,"백지영, ‘놀뭐’숏폼드라마 OST 합류? 하하, 음악 감독 변신",http://v.daum.net/v/20260502135133238
숏폼,"뉴스 사진 5월 2일 방송되는 MBC 예능프로그램 ‘놀면 뭐하니?’(연출 김진용 이주원 김기호 안지선 방성수 박은진/작가 노민선)에서는숏폼드라마 제작을 위해 나선 유재석, 하하, 허경환, 주우재의 모습이 그려지는 가운데, 하하는 작가 겸 음악 감독을 맡아 활약...",http://v.daum.net/v/20260502135133238
숏폼,영훈·이루다·김동준 '러브 WiFi-궁' 주연…하반기 영화·숏폼공개,http://v.daum.net/v/20260508093450621
숏폼,"생각이 바뀐다. 김동준은 냉철한 국왕 '이휘' 역을 맡아 태풍, 소향과 삼각 구도를 형성한다. '러브 WiFi-궁'은 영화,숏폼드라마, 미드폼드라마 버전으로 함께 기획된 작품이다. 현재 모든 촬영을 마치고 후반 작업에 박차를 가하고 있다. 한편 영훈은 드라마...",http://v.daum.net/v/20260508093450621
숏폼,"'1300억 건물주' 장근석, 33년 만에숏폼계 뛰어들었다…감독 서바이벌 출연 확정 ('디렉터스')",http://v.daum.net/v/20260507100136032
숏폼,"황정민, 유재석에 길거리 캐스팅 당했다…숏폼드라마 섭외 불붙었다 (놀뭐)[전일야화]",http://v.daum.net/v/20260503071132851
숏폼,MBC '놀면 뭐하니' 캡쳐 (엑스포츠뉴스 정연주 기자) '놀면 뭐하니' 유재석이숏폼드라마 촬영에 도전한다. 배우를 물색하던 중 유재석은 우연히 황정민을 마주치고 섭외를 시도했다. 2일 방송된 MBC ‘놀면 뭐하니?’('놀뭐')에서는숏폼드라마 제작 팀을 꾸린...,http://v.daum.net/v/20260503071132851
숏폼,정용진·노현정 ‘숏폼’ 등장? 재벌가 홍보의 패러다임 시프트,http://v.daum.net/v/20260503162502999
숏폼,"‘데일리 패션 뉴스’ 인스타그램을 통해숏폼인터뷰를 진행한 신세계 정용진 회장(왼), 전 KBS 아나운서 노현정. 사진캡처 | 데일리 패션 뉴스 SNS [스포츠동아 장은지 기자] “하이, 데패뉴!” 신세계 정용진 회장이 카메라를 향해 건넨 이 한마디에 온라인이...",http://v.daum.net/v/20260503162502999
숏폼,"""1분 안에 수원을 다시 보게 만들 영상은?""…수원특례시, 방문의 해숏폼공모전 개최",http://v.daum.net/v/20260508130918945
숏폼,"영상 공모전이 열린다. 수원특례시가 '2026-2027 수원 방문의 해'를 맞아 시민과 관광객의 시선으로 수원을 새롭게 발견하는숏폼콘텐츠 공모에 나섰다. 수원특례시는 '2026-2027 수원 방문의 해숏폼공모전-수원, 다시보다'를 개최한다고 밝혔다. 이번 공모전은...",http://v.daum.net/v/20260508130918945
숏폼,"유재석,숏폼드라마 도전…“수지·변우석 캐스팅 돼요?” 야심 가득 (놀뭐)",http://v.daum.net/v/20260501120816402
숏폼,[동아닷컴] 사진 제공 = MBC ‘놀면 뭐하니?’ [동아닷컴 김승현 기자] ‘놀면 뭐하니?’ 멤버들이 대세 콘텐츠로 급부상한숏폼드라마 제작에 도전하며 또 한 번 새로운 판을 벌인다. 2일 방송되는 MBC ‘놀면 뭐하니?’에서는 ‘유재석 감독’ 체제로숏폼드라마...,http://v.daum.net/v/20260501120816402
숏폼,"유재석,숏폼드라마 제작 감독 변신...""아이유·변우석 캐스팅"" 언급 ('놀면 뭐하니')",http://v.daum.net/v/20260502193507201
숏폼,"(MHN 김소영 기자) '놀면 뭐하니' 멤버들이숏폼드라마 제작을 위해 발 벗고 나섰다. 2일 MBC 토요 예능프로그램 '놀면 뭐하니?'에서는 쇼드라마 프로젝트 편이 전파를 탔다. 이날숏폼드라마 감독으로 분한 유재석이 멤버들의 면접을 진행했다. 주우재는 ""숏...",http://v.daum.net/v/20260502193507201
숏폼,e커머스 '숏폼' 전쟁 본격화…판매자 지원 사격 총력,http://v.daum.net/v/20260428160307537
숏폼,e커머스 업계가 짧은 영상 콘텐츠를 활용한 '숏폼' 마케팅 강화에 속도를 내고 있다. 소비자 시선을 즉각적으로 사로잡아 구매로 연결하는 콘텐츠 경쟁력이 핵심 동력으로 부상했기 때문이다. 주요 기업은 판매자들이 간편하게 영상 콘텐츠를 제작하고 활용할 수...,http://v.daum.net/v/20260428160307537
숏폼,"“올드 제너레이션과 달라”…코르티스,숏폼시대 꿰뚫은 ‘영크크’의 무서운 직진 [SS뮤직]",http://v.daum.net/v/20260506063143409
숏폼,DIY(Do It Yourself)’ 크루의 감성을 전면에 내세웠다. 코르티스. 사진 | 빅히트 뮤직 특히 타이틀곡 ‘레드레드(REDRED)’는숏폼시대의 음악이 어떻게 소비돼야 하는지 정확히 꿰뚫은 결과물이다. 대중의 눈치를 보거나 쿨한 척하는 기성세대의 룰을 정지를 의미...,http://v.daum.net/v/20260506063143409
숏폼,"[알림] 제9회 학교폭력예방숏폼영상제 ""우리가 지켜줄게!""",http://v.daum.net/v/20260507184318235
숏폼,"부산일보사가 '제9회 학교폭력예방숏폼영상제'를 개최합니다. 이번 영상제는 학교폭력 근절 및 예방에 대한 지역사회의 동참을 이끌고, 우리 아이들에게 선한 영향력을 전파하기 위해 마련되었습니다. 친구를 향한 따뜻한 위로와 용기를 주는 응원, 학교폭력 방지...",http://v.daum.net/v/20260507184318235
숏폼,‘놀면 뭐하니?’숏폼드라마 캐스팅 라인업,http://v.daum.net/v/20260501131949198
숏폼,"예능 ‘놀면 뭐하니?’ (제공: MBC) 배우 김석훈과 베일에 감춰진 히든 배우가 ‘놀면 뭐하니?’숏폼드라마 캐스팅 라인업에 오른다. 오는 2일 방송되는 MBC 예능프로그램 ‘놀면 뭐하니?’에서는숏폼드라마 제작 팀을 꾸린 유재석, 하하, 허경환, 주우재의 모습...",http://v.daum.net/v/20260501131949198
숏폼,"코르티스, ‘REDRED’로숏폼장악..틱톡 영상 46만 개 돌파",http://v.daum.net/v/20260428141334244
숏폼,"[OSEN=지민경 기자] 그룹 코르티스(CORTIS)가 신곡 'REDRED'로 전 세계숏폼플랫폼을 뜨겁게 달구며 또 한 번의 메가 히트 돌풍을 예고했다. 28일 오후 1시 기준 글로벌숏폼비디오 플랫폼 틱톡(TikTok)에서 코르티스(마틴, 제임스, 주훈, 성현, 건호)의 신곡...",http://v.daum.net/v/20260428141334244
숏폼,"백지영,숏폼드라마 OST 듣고 감명받아...'음악 감독' 하하의 섭외 도전기 ('놀면 뭐하니')",http://v.daum.net/v/20260502171746626
숏폼,(MHN 김소영 기자) 음악에 진심인 방송인 겸 가수 하하가숏폼드라마 제작을 위해 'OST의 여왕' 가수 백지영 섭외에 돌입해 기대감을 모은다. 2일 방송되는 MBC 예능프로그램 '놀면 뭐하니?'(연출 김진용 이주원 김기호 안지선 방성수 박은진/작가 노민선)에서는숏...,http://v.daum.net/v/20260502171746626
숏폼,"""네가 무슨 음악 감독이야"" 하하, 유명 여가수에 무시당했다…숏폼OST 제안에 콧방귀 ('놀뭐')",http://v.daum.net/v/20260502173102801
숏폼,[텐아시아=이소정 기자] 하하와 백지영이 각 공식 행사에 참석했다./사진=텐아시아DB '놀면 뭐하니?' 하하가숏폼드라마 제작을 위해 'OST의 여왕' 가수 백지영 섭외에 들어간다. 5월 2일 방송되는 MBC 예능프로그램 '놀면 뭐하니?'에서는숏폼드라마 제작을 위해...,http://v.daum.net/v/20260502173102801
숏폼,"‘놀뭐’ 유재석,숏폼드라마 제작 돌입… 김석훈·김성균·백지영 섭외 완료",http://v.daum.net/v/20260503113014709
숏폼,놀면 뭐하니? [티브이데일리 한서율 기자] ‘놀면 뭐하니?’에서 코미디언 유재석이숏폼드라마 감독으로 변신해 본격적인 제작에 들어갔다. 지난 2일 저녁 방송된 MBC 예능프로그램 ‘놀면 뭐하니?’에서는 ‘숏폼드라마 프로젝트’를 위해 출연진 섭외에 나선...,http://v.daum.net/v/20260503113014709
숏폼,"[게시판] 서민금융진흥원, '숏폼영상제' 개최",http://v.daum.net/v/20260504093809606
숏폼,"2026 서민금융숏폼영상제 [서민금융진흥원 제공. 재판매 및 DB 금지] ▲ 서민금융진흥원은 '2026 서민금융숏폼영상제'를 개최한다고 4일 밝혔다. 연중 4회에 걸쳐 순차적으로 개최된다. 제1회숏폼영상제는 청년 미래이음 대출, 청년 운영자금, 금융취약계층...",http://v.daum.net/v/20260504093809606
숏폼,"유재석, 이번엔숏폼드라마 만든다…“수지·변우석 캐스팅 가능?” (놀뭐)",http://v.daum.net/v/20260501121407455
숏폼,"사진제공｜MBC [스포츠동아 이수진 기자] 유재석이숏폼드라마 제작에 뛰어들며 감독 도전에 나선다. 2일 방송되는 MBC ‘놀면 뭐하니?’에서는 유재석이 하하, 허경환, 주우재와 함께숏폼드라마 제작 프로젝트를 시작한다. 이날 유재석은 스태프 면접에 이어 첫...",http://v.daum.net/v/20260501121407455
숏폼,"케이웨더, AI 아이돌로숏폼시장 진출",http://v.daum.net/v/20260506112230206
숏폼,"케이웨더 | 서울=한스경제 김종효 기자 | 케이웨더는 AI 아이돌 그룹 '날씨의 아이돌'을 앞세워숏폼콘텐츠 시장 공략에 나섰다고 6일 밝혔다. '날씨의 아이돌'은 매일 새벽 그날의 기상정보를 가사와 멜로디로 만든 '날씨 송'을 유튜브 쇼츠, 틱톡 등에 올린다...",http://v.daum.net/v/20260506112230206
숏폼,"유재석,숏폼드라마 감독 됐다…러브콜 보낸 배우는? (놀면 뭐하니)",http://v.daum.net/v/20260501154346415
숏폼,"베일에 감춰진숏폼드라마 ‘히든 배우’는 누구일까? iMBC 연예뉴스 사진 5월 2일 방송되는 MBC 예능프로그램 ‘놀면 뭐하니?’(연출 김진용 이주원 김기호 안지선 방성수 박은진/작가 노민선)에서는숏폼드라마 제작 팀을 꾸린 유재석, 하하, 허경환, 주우재의...",http://v.daum.net/v/20260501154346415
숏폼,"유재석, '숏폼' 드라마 감독된다...'절친' 김석훈에 러브콜, ""기회 잡아야 해"" (놀뭐)",http://v.daum.net/v/20260501172834425
숏폼,"유재석, 엑스포츠뉴스DB (엑스포츠뉴스 이창규 기자) 방송인 유재석이숏폼드라마 감독으로 등극한 가운데, 절친한 동갑내기 배우 김석훈에 러브콜을 보내며 '맏고 보는 배우' 라인업을 완성할 수 있을지 주목된다. 2일 방송되는 MBC 예능프로그램 ‘놀면 뭐하니...",http://v.daum.net/v/20260501172834425
숏폼,"피프티피프티, 멤버 전원 '배우 변신'→숏폼드라마 주연 발탁 ('퇴마클럽')",http://v.daum.net/v/20260430134609049
숏폼,"기자) 걸그룹 피프티피프티(FIFTY FIFTY)가 데뷔 후 처음으로 연기에 도전한다. 피프티피프티는 오는 5월 공개되는 킷츠 프리미엄숏폼드라마 '방과후 퇴마클럽'의 주연으로 나선다. 가수가 아닌 배우로 팬들과 만나게 되는 것은 이번이 처음으로, 멤버 전원이 함께...",http://v.daum.net/v/20260430134609049
숏폼,"'숏폼감독' 유재석, 김석훈·김성균 주연 드라마 제작..치정 멜로+복수+메디컬까지[놀뭐][★밤TView]",http://v.daum.net/v/20260502203332838
숏폼,"[스타뉴스 | 김정주 기자] /사진= MBC 예능 프로그램 '놀면 뭐하니?' 방송인 유재석이 첫숏폼드라마 주인공으로 김석훈, 김성균을 내세웠다. 2일 방송된 MBC 예능 프로그램 '놀면 뭐하니?'에는숏폼드라마 제작에 뛰어든 유재석, 하하, 허경환, 주우재의 모습이...",http://v.daum.net/v/20260502203332838
숏폼,"“변우석 데려올 수 있어요?” 유재석,숏폼드라마 배우 캐스팅 고심 (놀뭐)",http://v.daum.net/v/20260501131300113
숏폼,"‘놀뭐’ 멤버들이 콘텐츠 시장을 뒤흔들기 위해(?)숏폼드라마 제작에 나선다. iMBC 연예뉴스 사진 5월 2일 방송되는 MBC 예능프로그램 ‘놀면 뭐하니?’(연출 김진용 이주원 김기호 안지선 방성수 박은진/작가 노민선)에서는 유재석 감독이 하하, 허경환, 주우재...",http://v.daum.net/v/20260501131300113
숏폼,[게시판] '산재신청 바로알기'숏폼공모전 시상식…6개팀 선정,http://v.daum.net/v/20260506150110543
숏폼,▲ 근로복지공단은 '산업재해노동자의 날' 기념 주간을 맞아 '산재신청 바로알기'숏폼영상 공모전 시상식을 6일 열었다. 이번 공모전은 산재 신청 절차를 쉽고 정확하게 전달하는 데 중점을 뒀다. 시상식에서는 최우수상팀을 포함한 6개 팀에 총 500만원 규모의...,http://v.daum.net/v/20260506150110543
숏폼,"최예나, '캐치 캐치'로 中 흔들었다…영상·음원·숏폼'올킬'",http://v.daum.net/v/20260506142932233
숏폼,"특히 한국어 버전은 발매 이후 꾸준히 10위권을 유지하고 있으며, 중국어 버전 역시 여러 주요 차트에 진입하며 호평을 얻고 있다.숏폼플랫폼 도우인에서도 상승세가 두드러진다. '캐치 캐치' 챌린지는 누적 조회수 9억 뷰를 돌파하며 10억 뷰 달성을 앞두고 있다...",http://v.daum.net/v/20260506142932233
숏폼,"'숏폼감독' 유재석, 변우석 캐스팅 욕심에 주우재 이용..""내가 계단이야?"" 발끈[놀뭐]",http://v.daum.net/v/20260502192503106
숏폼,"놀면 뭐하니?' 모델 출신 방송인 주우재가 유재석의 캐스팅 욕심에 곤욕을 치렀다. 2일 방송된 MBC 예능 프로그램 '놀면 뭐하니?'에는숏폼드라마 제작에 뛰어든 유재석, 하하, 허경환, 주우재의 모습이 그려졌다. 이날 유재석은숏폼드라마 감독으로 변신했다. 그...",http://v.daum.net/v/20260502192503106
숏폼,"경기관광공사, 끼투어 기자단 발대식…숏폼·릴스 등 활용 홍보 강화",http://v.daum.net/v/20260508175501466
숏폼,트레이드타워에서 경기관광 전문필진인 '끼투어 기자단 15기 발대식'을 진행했다. 경기관광공사는 올해 끼투어 기자단을 릴스와숏폼등 최신 트렌드를 반영해 SNS 홍보마케팅 활동을 강화하는데 초점을 맞추고 운영할 계획이다. 기자단은 도내의 다양한 관광지를...,http://v.daum.net/v/20260508175501466
숏폼,"코르티스, BTS·투바투 직속 선배 응원 속 역대급 파급력‥‘REDRED’숏폼장악",http://v.daum.net/v/20260428174947970
숏폼,REDRED’를 삽입한 영상 수는 28일 오후 1시 기준 1만 3000건으로 집계됐다. ‘팔랑귀 춤’과 중독성 있는 노래가 MZ 사이에서숏폼유행을 견인했다. 다섯 멤버가 공동 안무가로 이름을 올린 ‘REDRED’의 퍼포먼스가 전 세계에서 반향을 일으키고 있다. 선배...,http://v.daum.net/v/20260428174947970
숏폼,"유재석,숏폼드라마 감독 변신→배우 캐스팅 나서 '믿보배' 라인업 완성될까? ('놀뭐')",http://v.daum.net/v/20260501164508520
숏폼,"(MHN 김설 기자) MBC 예능 프로그램 '놀면 뭐하니?' 멤버들이 최근 대세 콘텐츠로 떠오른숏폼드라마 제작에 도전한다. 오는 5월 2일 방송되는 '놀면 뭐하니?'에서는 유재석 감독을 필두로 하하, 허경환, 주우재가 팀을 꾸려숏폼드라마 기획 및 제작에 나서는...",http://v.daum.net/v/20260501164508520
숏폼,"케이웨더, AI 아이돌이 전하는 '날씨 송'숏폼콘텐츠 공개",http://v.daum.net/v/20260506084435887
숏폼,김경택 기자 = 날씨 빅데이터플랫폼 기업 케이웨더가 회사의 날씨예보 인공지능(AI) 아이돌 그룹 '날씨의 아이돌'을 필두로숏폼콘텐츠 시장 공략에 속도를 내고 있다. 6일 케이웨더에 따르면 날씨의 아이돌은 매일 새벽 그날의 기상정보를 감각적인 가사와 멜로디...,http://v.daum.net/v/20260506084435887
숏폼,"숏드라마 플랫폼 ‘케이숏’ 출범, 글로벌숏폼시장 정조준",http://v.daum.net/v/20260503141018906
숏폼,콘텐트 7편을 포함해 총 46개 작품을 확보했다. 해당 콘텐트는 영어·일본어·스페인어·포르투갈어 등 13개 언어로 제공된다.숏폼드라마 시장은 콘텐트 산업 내에서 가장 빠르게 성장하는 분야 중 하나로 꼽힌다. 업계에서는 글로벌 시장 규모를 약 10조~13조원...,http://v.daum.net/v/20260503141018906
숏폼,‘극한직업’ 이병헌 감독 이어..유재석도숏폼드라마 도전 (‘놀뭐’)[순간포착],http://v.daum.net/v/20260502184340724
숏폼,[OSEN=김채연 기자] 유재석이숏폼드라마 제작에 도전한다. 2일 오후 방송된 MBC ‘놀면 뭐하니?’에서는숏폼드라마 감독으로 변신한 유재석의 모습이 전파를 탔다. 이날 신규숏드라마에 참여할 스태프를 선발하기 위해 등장한 유재석은 “어디 좀 봅시다”라며...,http://v.daum.net/v/20260502184340724
숏폼,"이태환,숏폼드라마 1위.. '재벌 2세' 캐릭터 새롭게 썼다",http://v.daum.net/v/20260428171302357
숏폼,Processed with MOLDIV [OSEN=최이정 기자] 배우 이태환이숏폼드라마 시장까지 완벽하게 접수하며 '재벌 2세' 캐릭터의 새로운 정의를 쓰고 있다. 이태환은 글로벌숏폼드라마 플랫폼 드라마박스(DramaBox)의 ‘결혼하자1+2’를 통해 차가운 카리스마와 뜨거운...,http://v.daum.net/v/20260428171302357
숏폼,"[왓IS] ‘놀뭐’ 유재석 감독,숏폼‘동생이 훔친 내 여자를 뺏기로 했다’ 대박 조짐",http://v.daum.net/v/20260503163947316
숏폼,"사진=MBC 방송 캡처 ‘놀면 뭐하니?’의숏폼프로젝트가 화제다. 2일 방송된 MBC 예능 ‘놀면 뭐하니?’에서는숏폼드라마 프로젝트를 시작하는 유재석, 하하, 허경환, 주우재의 모습이 그려졌다. 방송에서는 유재석과 멤버들은 대본도 없는 상태에서 김석훈...",http://v.daum.net/v/20260503163947316
숏폼,"'놀뭐' 유재석,숏폼드라마 감독된다 ""수지·변우석 캐스팅 되냐""",http://v.daum.net/v/20260501101533324
숏폼,"놀면 뭐하니 / 사진=MBC 제공 [스포츠투데이 임시령 기자] '놀면 뭐하니?' 멤버들이숏폼드라마를 제작한다. 2일 방송되는 MBC 예능프로그램 '놀면 뭐하니?'에서는 유재석이 드라마 감독으로 나서서 하하, 허경환, 주우재와 팀을 꾸린다. 이날 제작진이 공개한 사진...",http://v.daum.net/v/20260501101533324
숏폼,코르티스 ‘REDRED’숏폼장악,http://v.daum.net/v/20260428140946037
숏폼,코르티스 ‘REDRED’숏폼장악 (제공: 빅히트 뮤직) 코르티스가 미니 2집 타이틀곡 ‘REDRED’로 또 한 번의숏폼흥행을 이끌고 있다. 글로벌 콘텐츠 플랫폼 틱톡(TikTok)에서 코르티스의 신곡 ‘REDRED’를 배경음악으로 사용한 영상은 28일 오후 1시 기준 46만...,http://v.daum.net/v/20260428140946037
숏폼,"걸그룹 멤버 전원이 동시에 배우 데뷔…피프티피트피,숏폼드라마 주연 발탁",http://v.daum.net/v/20260430101634846
숏폼,"[텐아시아=김지원 기자] '방과후 퇴마클럽' 포스터, 대본리딩 이미지/ 사진 제공=테이크원컴퍼니 그룹 피프티피프티가숏폼드라마 주연으로 발탁되며 멤버 전원이 배우로 변신한다. 30일 걸그룹 피프티피프티(FIFTY FIFTY) 소속사에 따르면 이들은 오는 5월 공개...",http://v.daum.net/v/20260430101634846
숏폼,"유재석,숏폼드라마에 '변우석·아이유 섭외 야망'…하하 ""웃기고 자빠졌네""(놀뭐)",http://v.daum.net/v/20260502190901958
숏폼,"[스포츠조선 김준석 기자] 유재석이숏폼드라마 섭외에 큰 욕심을 드러냈다. 2일 방송된 MBC 예능프로그램 '놀면 뭐하니?'에서는숏폼드라마 제작 팀을 꾸린 유재석, 하하, 허경환, 주우재의 모습이 그려졌다. 이날 드라마 감독으로 변신한 유재석은 하하, 허경환...",http://v.daum.net/v/20260502190901958
숏폼,"백지영,숏폼드라마 OST 섭외 요청하는 하하에..""얼마 줄건데?"" 돌직구[놀뭐][별별TV]",http://v.daum.net/v/20260502194933346
숏폼,"[스타뉴스 | 김정주 기자] /사진= MBC 예능 프로그램 '놀면 뭐하니?' 방송인 하하가숏폼드라마 OST 가수로 백지영을 섭외했다. 2일 방송된 MBC 예능 프로그램 '놀면 뭐하니?'에는숏폼드라마 제작에 뛰어든 유재석, 하하, 허경환, 주우재의 모습이 그려졌다. 이날...",http://v.daum.net/v/20260502194933346
숏폼,"초록뱀미디어, AI 콘텐츠 페스티벌 MV·숏폼드라마 2차 심사 30팀 선발",http://v.daum.net/v/20260430113018954
숏폼,"참잘하는집(후참잘)이 후원하는 '2026 대한민국 AI 콘텐츠 페스티벌(KOREA AI CONTENT FESTIVAL, 이하 KAiCF)'이 뮤직비디오와숏폼드라마 부문 2차 심사 대상작을 발표했다고 30일 밝혔다. 이번 심사는 지난 12일 접수를 마감한 출품작들을 대상으로 진행됐다. AI...",http://v.daum.net/v/20260430113018954
숏폼,"유재석, 이제는숏폼드라마도 제작 ""변우석·수지 캐스팅 돼?""(놀뭐)",http://v.daum.net/v/20260501174017711
숏폼,"[OSEN=하수정 기자] 트로트 가수, 아이돌 댄스, 요리사 등 못하는 게 없는 유느님. 한계없는 유재석이 급기야숏폼제작까지 넘본다. ‘놀면 뭐하니?’ 멤버들이 대세 콘텐츠로 떠오른숏폼드라마 제작에 도전한다. 5월 2일 오후 6시 30분 방송되는 MBC 예능...",http://v.daum.net/v/20260501174017711
숏폼,“OTT·숏폼일상화…광고 효과 인플루언서가 압도적”,http://v.daum.net/v/20260429144042404
숏폼,"자리잡은 것으로 나타났다. 29일 CJ메조미디어가 발표한 '2026 타겟 리포트'에 따르면, 10대부터 50대까지 전 연령대에서 OTT와숏폼미디어 이용이 일상화된 것으로 나타났다. OTT 이용률은 전 연령대에서 70%를 상회했다. 특히 30대는 이용률 90%에 하루 평균 65분...",http://v.daum.net/v/20260429144042404
숏폼,"BTS·투바투도 동참..코르티스 '레드레드', 일주일만숏폼장악",http://v.daum.net/v/20260428141411265
숏폼,"[스타뉴스 | 허지형 기자] 코르티스 /사진제공=빅히트뮤직 그룹 코르티스(CORTIS)가숏폼흥행을 이끌고 있다. 28일 오후 1시 기준 글로벌 콘텐츠 플랫폼 틱톡(TikTok)에서 코르티스(마틴, 제임스, 주훈, 성현, 건호)의 신곡 '레드레드(REDRED)'를 배경음악으로 사용...",http://v.daum.net/v/20260428141411265
숏폼,"코트라, '중국판 틱톡' 더우인과 손잡고숏폼커머스로 중국 수출 문턱 낮춘다",http://v.daum.net/v/20260429160634349
숏폼,센터에서 열린 'K소비재 수출 설명·상담회'에서 K소비재 전담 인플루언서와 벤더사(셀러)가 상담을 진행하고 있다. 코트라 제공숏폼·라이브커머스가 중국 유통의 새로운 주류로 떠오르자 대한무역투자진흥공사(KOTRA·코트라)가 세계 최대숏폼커머스 플랫폼...,http://v.daum.net/v/20260429160634349
숏폼,"케이웨더, AI 아이돌 그룹 '날씨의 아이돌'숏폼콘텐츠로 날씨예보 접근성 확대",http://v.daum.net/v/20260506084241852
숏폼,기자] 날씨 빅데이터플랫폼 기업 케이웨더(068100)는 자사의 날씨예보 인공지능(AI) 아이돌 그룹 ‘날씨의 아이돌’을 필두로숏폼콘텐츠 시장 공략에 속도를 내고 있다고 6일 밝혔다. 날씨의 아이돌은 매일 새벽 그날의 기상정보를 감각적인 가사와 멜로디로 제작...,http://v.daum.net/v/20260506084241852
숏폼,"유재석,숏폼드라마 감독 된다…파격 캐스팅 예고(‘놀면 뭐하니?’)",http://v.daum.net/v/20260501174148752
숏폼,"MBC ‘놀면 뭐하니?’. 사진| MBC [스포츠서울 | 서지현 기자] 방송인 유재석이숏폼드라마 감독으로 데뷔한다. 오는 2일 오후 6시 30분 방송되는 MBC 예능프로그램 ‘놀면 뭐하니?’에서는 유재석을 필두로 하하, 허경환, 주우재가숏폼드라마 제작 팀 구성에...",http://v.daum.net/v/20260501174148752
숏폼,"KOTRA,숏폼커머스 더우인과 K-소비재 원스톱 수출 채널 구축",http://v.daum.net/v/20260429094812777
숏폼,전담 인플루언서-벤더사(셀러) 1대 1 대면 상담 현장의 모습. ⓒ대한무역투자진흥공사 대한무역투자진흥공사(KOTRA)가 중국 최대숏폼커머스 기업 더우인과 손잡고 K-소비재 전용 수출 지원 체계를 구축했다. KOTRA는 28일 중국 칭다오 서해안신구 보세 물류센터에...,http://v.daum.net/v/20260429094812777
숏폼,“AI로 만든 매끈한 피부”…‘올리디아 AI 29역숏폼왕’ 개최,http://v.daum.net/v/20260427113502321
숏폼,29초영화제사무국 제공 매끈하고 아름다운 피부를 가꾸며 일상의 활력을 더하는 사람들을 위한숏폼인공지능(AI) 영상 공모전 ‘올리디아 AI 29(이구)역숏폼왕’이 오는 28일부터 응모작을 받는다. ‘29역숏폼왕’은 한국경제신문 29초영화제가 운영하는숏폼영상...,http://v.daum.net/v/20260427113502321
숏폼,"[르포]할머니도 AI 한다…""AI 활용해 손주 재롱숏폼으로 업로드""",http://v.daum.net/v/20260507120255476
숏폼,"나이대는 컴맹이 많다 보니 손주들이 뭘 물어봐도 답하기가 어려웠다""면서 ""AI 교육을 받아보니 재밌고 편리했다. 손주들 재롱을숏폼영상으로 만들어 업로드하는 법을 배우고 싶다""고 했다. 과학기술정보통신부는 올해 AI디지털배움터를 늘리는 동시에 파견교육을...",http://v.daum.net/v/20260507120255476
숏폼,“선거숏폼이 조회수 300만”…‘미디어 유세’로 승부수 던진 개혁신당,http://v.daum.net/v/20260422110215200
숏폼,"“두쫀쿠가 유행하는 진짜 이유를 아시나요?” 서울 광진구 구의원 선거에 출마한 이진현 개혁신당 후보의숏폼영상은 질문으로 시작한다. 영상은 경기 침체 속 ‘소확행’을 주는 두쫀쿠 같은 저가 상품의 인기 현상을 짚으며, 부동산 급등 등으로 삶의 부담이...",http://v.daum.net/v/20260422110215200
숏폼,"나주시, ‘2026년 나주시 양성평등숏폼영상 공모전’ 추진",http://v.daum.net/v/20260429070808074
숏폼,"나주시는 ‘2026년 나주시 양성평등숏폼영상 공모전’을 추진한다. 사진제공=나주시 6월 12일까지 접수, 최대 300만 원…양성평등주간 행사서 시상 진행 나주시는 ‘2026년 나주시 양성평등숏폼영상 공모전’을 추진한다고 밝혔다. 나주시가 양성평등 문화 확산...",http://v.daum.net/v/20260429070808074
숏폼,[오늘 한 컷]숏폼선거와 '인지적 구두쇠',http://v.daum.net/v/20260504185445552
숏폼,"알고 보면 뇌의 에너지 소모를 최소화하려는 경향이 있다는 주장입니다. 1980년대 중반 등장한 이 용어가 40년이 지난 지금, AI와숏폼시대를 맞이하며 더 잘 들어맞는 것 같기도 합니다. 너무나 많은 정보를 손바닥에 쥔 스마트폰 하나로 24시간 내내 접할 수 있다...",http://v.daum.net/v/20260504185445552
숏폼,"이태환,숏폼드라마도 통했다… 공개 동시 1위",http://v.daum.net/v/20260428155106868
숏폼,이태환 [마이데일리 = 김진석 기자] 배우 이태환이 매력 넘치는 재벌 2세로 변신한다. 이태환은 글로벌숏폼드라마 플랫폼 드라마박스의 '결혼하자1+2'에서 미워할 수 없는 매력을 지닌 재벌 2세 이현우를 맡아 냉철하고 까칠한 겉모습 이면에 한 사람만을 향한...,http://v.daum.net/v/20260428155106868
숏폼,국민 4명 중 1명이숏폼중독…“오프라인 탈출구 필요”,http://v.daum.net/v/20260427175747711
숏폼,스마트폰 중독. 픽사베이 최근 스마트폰을 통해 소셜네트워크서비스(SNS)와 짧은 영상 콘텐츠인숏폼에 쉽게 접근할 수 있게 되면서 자극적인 콘텐츠에 과도하게 의존하는 이른바 ‘도파민 중독’ 우려가 커지고 있다. 전문가들은 과도한 SNS·숏폼이용이 더 강한...,http://v.daum.net/v/20260427175747711
숏폼,"금감원, 불법금융광고 온라인 감시단 확대…“SNS·숏폼대응 강화”",http://v.daum.net/v/20260504101236198
숏폼,계층이 노출되기 쉬운 전단지형 광고를 현장에서 직접 발견·제보하는 역할을 맡는다. 금감원은 “온라인 감시 역량 강화로 SNS·숏폼등에서 빠르게 확산되는 신종 불법금융광고를 조기에 발굴·차단할 기반이 마련됐다”며 “불법금융 파파라치 포상제도와의 연계...,http://v.daum.net/v/20260504101236198
숏폼,"코르티스,숏폼장악…일주일 만에 틱톡 영상 46만 개 돌파",http://v.daum.net/v/20260428142757980
숏폼,"코르티스 (서울=뉴스1) 황미현 기자 = 코르티스(CORTIS)가 미니 2집 타이틀곡 '레드레드'(REDRED)로 또 한 번의숏폼흥행을 이끌고 있다. 글로벌 콘텐츠 플랫폼 틱톡에서 코르티스(마틴, 제임스, 주훈, 성현, 건호)의 신곡 '레드레드'를 배경음악으로 사용한 영상은...",http://v.daum.net/v/20260428142757980
숏폼,"코르티스, 일주일 만에숏폼장악…틱톡 영상 46만 건 돌파",http://v.daum.net/v/20260428143911631
숏폼,코르티스. 사진ㅣ빅히트뮤직 그룹 코르티스가 신곡 ‘REDRED’로 또 한 번숏폼시장을 장악하며 가파른 상승세를 이어가고 있다. 글로벌 플랫폼 틱톡에서 ‘REDRED’를 활용한 영상은 28일 기준 46만 건을 돌파했다. 지난 20일 공개 이후 하루 평균 수만 건의...,http://v.daum.net/v/20260428143911631
숏폼,5월 전국민 AI 경진대회 '숏폼챌린지' 열린다,http://v.daum.net/v/20260430152505630
숏폼,'전국민 AI 경진대회' 홍보영상숏폼챌린지 포스터 (과학기술정보통신부 제공) 과학기술정보통신부는 지난 3월 26일 개막한 '전국민 AI 경진대회'에 대한 국민적 관심을 한층 더 높이기 위해 5월 가정의 달을 맞아 한 달간 다채로운 대국민 참여 이벤트를 개최...,http://v.daum.net/v/20260430152505630
숏폼,"中 더우인, 올해만 네 번째 코트라 협업…K소비재 ‘숏폼수출길’ 넓힌다",http://v.daum.net/v/20260429060008812
숏폼,매칭센터’ 개소…106개 기업 참가 소싱·라이브커머스·물류 잇는 원스톱 수출 체계 구축 코트라 본사.(사진=코트라) 중국 최대숏폼플랫폼 더우인(Douyin)이 올해 들어 네 번째로 코트라와 손잡으며 K소비재 확보에 속도를 내고 있다. 오프라인 유통과 전통 전자...,http://v.daum.net/v/20260429060008812
숏폼,"""숏폼늘고 신인약진"" 부산영상위, 2026년 뉴미디어·다큐 선정작 발표",http://v.daum.net/v/20260427092707258
숏폼,"뉴미디어와 다큐멘터리 분야를 이끌어갈 지원작들을 확정했다. 이번 선정 결과에서는 급격히 변하는 영상 소비 트렌드에 발맞춘 '숏폼' 콘텐츠의 강세와 신인 창작자들의 도전적인 참여가 두드러졌다.숏폼콘텐츠와 AI 기술의 결합, 뉴미디어의 진화 부산영상위원회...",http://v.daum.net/v/20260427092707258
숏폼,"숏폼드라마 PD 데뷔 유재석, 수지 변우석 황정민 섭외 시도‥황금인맥 총동원(놀뭐)",http://v.daum.net/v/20260426060348502
숏폼,MBC ‘놀면 뭐하니?’ 캡처 MBC ‘놀면 뭐하니?’ 캡처 [뉴스엔 서유나 기자] 방송인 유재석이숏폼드라마 PD로 데뷔한다. 4월 25일 방송된 MBC 예능 '놀면 뭐하니?'(이하 '놀뭐') 326회 말미에는숏폼드라마를 준비하는 멤버들의 모습이 예고됐다. 이날 야심차게...,http://v.daum.net/v/20260426060348502
숏폼,"이태환 ‘결혼하자1+2’,숏폼드라마 1위",http://v.daum.net/v/20260428172109753
숏폼,"DramaBox의 ‘결혼하자1+2’ 배우 이태환이숏폼드라마 시장을 접수, ‘재벌 2세’ 캐릭터의 새로운 공식을 써 내려가고 있다. 이태환은 글로벌숏폼드라마 플랫폼 드라마박스(DramaBox)의 ‘결혼하자1+2’를 통해 냉철한 카리스마와 순애보를 넘나드는 연기로...",http://v.daum.net/v/20260428172109753
숏폼,"""아무것도 안 해도 괜찮아""…고창군 운곡습지숏폼공모전 진행",http://v.daum.net/v/20260427152346983
숏폼,'고창 운곡습지 생태길 힐링걷기'숏폼공모전 홍보 포스터.(고창군 제공. 재판매 및 DB금지) (고창=뉴스1) 문채연 기자 = 전북 고창군이 '고창 운곡습지 생태길 힐링걷기'숏폼공모전을 개최한다고 27일 밝혔다. 이번 공모전은 운곡습지의 자연 속에서 쉬고 걷는...,http://v.daum.net/v/20260427152346983
숏폼,"[Y현장] ""중독성 있다""…숏폼강자 투어스, 이번엔 로맨스 '따룸 챌린지'(종합)",http://v.daum.net/v/20260427174012931
숏폼,그룹 투어스(TWS)가 이번에도 중독성 있는숏폼의 유행을 겨냥했다. '따룸따룸'이라는 생경한 가사까지 내세웠다. 투어스 미니 5집 '노 트래저디(NO TRAGEDY)' 발매 기념 쇼케이스가 오늘(27일) 오후 서울 광진구 예스24라이브홀에서 진행됐다. '노 트래저디'는...,http://v.daum.net/v/20260427174012931
숏폼,"전국민 AI 경진대회, 5월 한 달숏폼등 챌린지 개최",http://v.daum.net/v/20260430174943097
숏폼,주관 6개 총 26개 대회가 등록됐다. 이번 이벤트는 AI를 누구나 일상에서 즐길 수 있는 도구로 알리기 위해 마련됐다. ▲홍보영상숏폼챌린지 ▲우리가족 마음잇기 AI챌린지 ▲어린이날 AI 체험 부스 ▲온라인 AI 퀴즈대회 등 4가지로 구성된다. '홍보영상숏폼...,http://v.daum.net/v/20260430174943097
숏폼,사천바다케이블카숏폼콘테스트 개최… 총상금 550만원,http://v.daum.net/v/20260426190347055
숏폼,경남 사천시시설관리공단은 사천바다케이블카의 매력을 알리고 방문객 참여형 콘텐츠를 발굴하기 위해 '2026년 사천바다케이블카숏폼콘테스트'를 개최한다고 26일 밝혔다. 이번 공모전은 케이블카에서 촬영한 특별한 순간을 짧은 영상으로 표현하는 것을 주제로...,http://v.daum.net/v/20260426190347055
숏폼,"고창군, 운곡 람사르습지 걷기숏폼공모…대상 100만원",http://v.daum.net/v/20260427170304235
숏폼,"전북 고창군은 '람사르습지' 도시의 매력을 널리 알리고 방문객들에게 쉼과 여유를 선사하는 '고창 운곡습지 생태길 힐링걷기숏폼공모전'을 연다고 27일 밝혔다. 군은 바쁜 일상에서 벗어나 운곡습지가 가진 천혜의 자연경관을 배경으로 걷고, 쉬고, 즐기는 모습을...",http://v.daum.net/v/20260427170304235
숏폼,[인플루언서 프리즘]숏폼범람 피로감에 '느린 생활 콘텐츠' 주목,http://v.daum.net/v/20260426000255854
숏폼,가장 영향력 있는 인플루언서들의 데이터를 다양한 관점에서 분석하여 랭킹화 하는 서비스다. <편집자주> [더팩트｜우지수 기자]숏폼(짧은 영상)이 유튜브의 대중적인 문법이 되면서 역설적으로 천천히 머무는 채널의 존재감도 커지고 있다. 짧은 시간 안에 강한...,http://v.daum.net/v/20260426000255854
숏폼,"'05년생 치어리더' 신서윤, 귀여움으로 승부하는 막내 [엑's숏폼]",http://v.daum.net/v/20260514120115191
숏폼,"미디어 교육 많이 받은 청소년,숏폼가짜뉴스 더 '신뢰'",http://v.daum.net/v/20260421170851023
숏폼,[뉴스토마토 신상민 기자] 학교에서 미디어 리터러시 교육을 많이 받은 학생일수록숏폼가짜뉴스를 오히려 더 신뢰하는 것으로 나타났습니다. '알고 있다'는 자신감이 오히려 비판적 경계심을 허물었다는 분석입니다. 21일 재단법인 우리교육연구소에 따르면...,http://v.daum.net/v/20260421170851023
숏폼,"""AI, 이제 놀이로 즐긴다"" 총상금 650만원숏폼챌린지 열린다",http://v.daum.net/v/20260430120212217
숏폼,접수가 활발히 진행 중이다. 5월에만 만날 수 있는 특별한 대회도 눈길을 끈다. 먼저 1분 이내의 짧은 영상으로 대회를 홍보하는 ‘숏폼챌린지’가 5월 1일부터 31일까지 열린다. 우수작에는 총 650만 원 규모의 상금이 주어진다. 가정의 달을 맞춘 ‘우리가족 마음...,http://v.daum.net/v/20260430120212217
숏폼,유진경 치어리더 '상큼함이 한도초과'[엑's숏폼],http://v.daum.net/v/20260514110515237
숏폼,케플러 김다연 '멋진 시구로 승리요정 등극'[엑's숏폼],http://v.daum.net/v/20260514110153903
숏폼,우수한 치어리더 '고척돔 시선 올킬한 레전드 비주얼'[엑's숏폼],http://v.daum.net/v/20260514140418614
숏폼,넷플릭스 대작 주춤한 사이…중드·숏폼파고든다,http://v.daum.net/v/20260416180658618
숏폼,"상황에서 CJ ENM, kt 스튜디오지니 등 국내 기업들이 전통 드라마 시장을 지탱하고 있지만 물밑에선 중국 드라마(이하 ‘중드’),숏폼등에 대한 팬덤이 새롭게 형성되는 양상이다. 일각에서는 지난해 말부터 제기됐던 글로벌 자본 투자 감소 이후 나타날 부작용이...",http://v.daum.net/v/20260416180658618
숏폼,"예천군, ‘폼’ 미친 예천 홍보 영상·숏폼공모전 개최",http://v.daum.net/v/20260421100615873
숏폼,"통해 홍보 효과를 극대화하기 위해 마련됐다. 공모는 전 국민 누구나 개인 또는 팀 단위로 참여할 수 있으며, 영상(가로형)과숏폼(세로형) 두 개 분야로 나눠 진행된다. 분야별 1인(팀)당 1작품만 응모할 수 있으며, 접수 기간은 4월 20일부터 11월 13...",http://v.daum.net/v/20260421100615873
숏폼,"손에 들린숏폼, '디지털 마약'으로…청소년 과의존 43%",http://v.daum.net/v/20260419134409758
숏폼,"차지하는 비중에서 50% 이상을 차지하는 비율은 과의존 위험군이 38.1%로 22.9%에 그친 일반군보다 높았다. 과의존 위험군의숏폼플랫폼 이용률도 95.4%로 일반군(90.6%)보다 높았다. 양쪽 모두 가장 많이 이용하는 플랫폼은 유튜브 쇼츠였지만, 과의존 위험군은...",http://v.daum.net/v/20260419134409758
숏폼,"올포유,숏폼콘텐츠로 ‘가정의 달 스타일링’ 제안",http://v.daum.net/v/20260428101817040
숏폼,"통해 시즌 스타일링을 제안한다. 올포유는 전속모델 김소연·이상우와 함께한 린넨 셋업 화보를 공개하고, 이를 기반으로 한숏폼콘텐츠를 순차적으로 선보일 예정이다. 외출과 모임이 많아지는 5월을 겨냥해 셋업 정장, 자켓, 블라우스, 팬츠 등을 활용한 상황별...",http://v.daum.net/v/20260428101817040
숏폼,"숏폼하나로 180만! 드리핀 차준호, AI급 '원톱 비주얼'",http://v.daum.net/v/20260416110307166
숏폼,더블앤(W&) 그룹 드리핀(DRIPPIN)의 차준호가 AI급 '원톱 비주얼'로 팬심을 설레게 했다. 차준호는 최근 공식 SNS를 통해 다양한숏폼콘텐츠를 공개하며 글로벌 팬들과 소통하고 있다. 2020년 드리핀 첫 번째 미니 앨범 '보이저(Boyager)'로 데뷔한 차준호는 순정...,http://v.daum.net/v/20260416110307166
숏폼,청소년 'TV·신문 대신숏폼'…팩트체크 없는 미디어교육이 가짜뉴스 키워,http://v.daum.net/v/20260421163010037
숏폼,내용과 무관함) / 뉴스1 ⓒ News12025.3.30 ⓒ 뉴스1 신웅수 기자 (서울=뉴스1) 조수빈 기자 = 청소년들이 뉴스 소비를 사실상숏폼플랫폼에 의존하면서 TV·신문 등 전통 매체는 외면한 것으로 나타났다. 이 같은 환경에서 학교에서 미디어 리터러시 교육을 많이...,http://v.daum.net/v/20260421163010037
숏폼,"“예천,폼미쳤다”…홍보 영상·숏폼공모전 개최",http://v.daum.net/v/20260421082501431
숏폼,"SNS 확산을 유도하기 위해 마련됐다. 참여는 전 국민 누구나 가능하며 개인 또는 팀 단위로 응모할 수 있다. 영상(가로형)과숏폼(세로형) 두 분야로 나뉘며, 분야별 1인(팀)당 1작품만 제출할 수 있다. 참가자는 영상 파일과 신청서를 이메일로 접수하면 된다. 심사...",http://v.daum.net/v/20260421082501431
숏폼,"드리핀 차준호,숏폼180만뷰 터졌다",http://v.daum.net/v/20260416103034231
숏폼,"드리핀 차준호,숏폼180만뷰 터졌다 (제공: 더블앤) 그룹 드리핀(DRIPPIN)의 차준호가 ‘4세대 원톱 비주얼’을 뽐냈다. 드리핀은 최근 공식 SNS를 통해 다양한숏폼콘텐츠를 공개하며 글로벌 팬들과 소통하고 있는 가운데, 차준호의 비주얼이 화제를 모으고 있다...",http://v.daum.net/v/20260416103034231
숏폼,SNS숏폼찍다 참변…인도서 곡예운전하던 삼형제 모두 사망,http://v.daum.net/v/20260423083907817
숏폼,질주하며 곡예 운전을 하던 삼 형제가 교통사고로 현장에서 모두 숨지는 사고가 발생했다. 이들은 사회관계망서비스(SNS)에 올릴숏폼영상을 촬영하던 중 참변을 당한 것으로 전해졌다. 22일 인도 뉴델리 텔레비전(NDTV) 등 현지 매체는 최근 인도 마디아프라데시주...,http://v.daum.net/v/20260423083907817
숏폼,"고창 하전 바지락, 영상으로 만나는 축제의 매력…숏폼콘테스트 개최",http://v.daum.net/v/20260422140904823
숏폼,"[투어코리아=유지훈 기자]전북 고창군이 지역 대표 특산물인 하전 바지락의 매력을 널리 알리기 위해 '숏폼콘테스트'를 개최한다. 이번 행사는 제9회 고창 하전 바지락 축제를 앞두고 진행되며, 누구나 참여할 수 있는 영상 공모 형식으로 운영된다. 고창하전...",http://v.daum.net/v/20260422140904823
숏폼,"박시연,숏폼드라마 ‘그 여자를 유혹해줘’ 주연 “내 남편 내연녀 유혹해줘” 강렬",http://v.daum.net/v/20260416152748803
숏폼,"사진=채널A 사진=채널A [뉴스엔 박아름 기자] 채널A가숏폼드라마 시장에 진출한다. 채널A 측은 ""드라마 ‘거짓말의 거짓말’, ‘쇼윈도:여왕의 집’ 등으로 입증한 미스터리 멜로 장르 흥행 노하우를 바탕으로숏폼드라마 시장에 본격 진출했다""고 4월 16...",http://v.daum.net/v/20260416152748803
숏폼,[게임위드인]숏폼에 밀린 게임 시장…넷마블 '몬길'이 꺼낸 해법,http://v.daum.net/v/20260418110113934
숏폼,"몬길: STAR DIVE [게임 화면 캡처] (서울=연합뉴스) 김주환 기자 =숏폼콘텐츠의 유행은 게임업계에 새로운 위기론을 가져왔다. 기존 게임산업의 주 수요층이던 10대∼20대층이 게임을 그만두고 유튜브 쇼츠나 틱톡 같은 짧은 포맷의 영상, OTT(동영상 스트리밍...",http://v.daum.net/v/20260418110113934
숏폼,아이브 장원영 '아름다움에 눈 뗄 수 없어'[엑's숏폼],http://v.daum.net/v/20260512204107121
숏폼,"성준·츄·스윙스, 궁중 로맨스로 호흡…숏폼‘광안’ 촬영 마무리",http://v.daum.net/v/20260428123747199
숏폼,미술관 차지한 AI숏폼·호텔방서 작품 구매… 부산에 뜬 ‘디아페’,http://v.daum.net/v/20260429093332035
숏폼,"이 축제에서 가장 눈여겨봐야 하는 프로그램은 바로 부산시립미술관 야외 정원에서 선보이는 ‘디지털 서브컬처’다. 여기엔, SNS에서숏폼, 릴스 등을 주로 선보여 온 ‘AI 아티스트’ 13인이 참여한다. 할머니 캐릭터(이모)들이 바다와 하늘을 종횡무진 하는 환상...",http://v.daum.net/v/20260429093332035
숏폼,"예천군, ‘숏폼승부수’…국민 참여형 홍보전 본격화",http://v.daum.net/v/20260421165844475
숏폼,"확산으로 홍보 효과를 극대화하기 위해 마련됐다. 공모는 전 국민 누구나 개인 또는 팀 단위로 참여할 수 있다. 영상(가로형)과숏폼(세로형) 2개 분야로 나뉘며, 1인(팀)당 1작품만 출품할 수 있다. 접수는 4월 20일부터 11월 13일까지 이메일로 진행된다. 심사는...",http://v.daum.net/v/20260421165844475
숏폼,"""숏폼·오픈채팅 통제""…카톡에 '자녀 보호' 도입",http://v.daum.net/v/20260414084438601
숏폼,오늘(14일) 정보통신기술(ICT) 업계에 따르면 카카오는 카카오 패밀리 계정에 등록된 보호자가 미성년자 자녀를 초대해숏폼과 오픈채팅 이용 범위를 설정할 수 있는 자녀 보호 기능을 이달부터 지원합니다. 미성년자 자녀를 둔 보호자는 기존 고객센터 접수 등 절차...,http://v.daum.net/v/20260414084438601
숏폼,"월화는 '윰세', 금토는 '대군부인'…숏폼때문에 드라마 '본방사수' 대세로",http://v.daum.net/v/20260420162532384
숏폼,등 OTT 확산으로 한동안 드라마를 완결까지 기다렸다가 '몰아보기' 하던 시청자들의 패턴이 '본방사수'로 바뀌고 있다. 다름 아닌 '숏폼콘텐츠'의 영향이다. 드라마 핵심 장면을 담아 홍보하는숏폼이 넘쳐나면서 기존 시청자 사이에서는 이에 노출되기 전에 드라마...,http://v.daum.net/v/20260420162532384
숏폼,"르호사, 中 드라마 제작사 맞손…'브랜드 맞춤형숏폼'으로 현지 공략",http://v.daum.net/v/20260417200133269
숏폼,주얼리·콘텐츠 테크 기업 르호사가 중국 국가광전총국(NRTA) 산하 중국 TV 드라마 제작 산업 협회 청년위원회와 '브랜드 맞춤형숏폼드라마 제작 프로젝트' 추진을 위한 업무협약(MOU)을 체결했다고 17일 밝혔다. 지난해 12월 체결한 협약을 바탕으로 르호사는...,http://v.daum.net/v/20260417200133269
숏폼,아이브 장원영 '눈부심 가득한 모닝 엔젤'[엑's숏폼],http://v.daum.net/v/20260513164553650
숏폼,"'재벌집 막내아들' 아티스트 스튜디오,숏폼드라마 만든다",http://v.daum.net/v/20260414085900107
숏폼,(엑스포츠뉴스 김예은 기자) 제작사 아티스트 스튜디오가숏폼드라마 시장에 본격 진출하며 글로벌 콘텐츠 사업 확장에 나선다. 14일 아티스트 스튜디오는 중국 OTT 플랫폼 iQIYI(아이치이) 협력 프로젝트로숏폼드라마 ‘검사의 은밀한 진료’ 제작을 확정하고...,http://v.daum.net/v/20260414085900107
숏폼,[초동시각]숏폼보다 게임이려면,http://v.daum.net/v/20260417130907113
숏폼,"""요즘은 선생님들이숏폼(짧은 동영상) 볼 거면 대신 게임을 하라고 얘기한다니까."" 최근 초등학생 자녀를 둔 지인에게서 이런 말을 들었다. 게임을 마음 놓고 즐기면 안 될 것 같은 분위기에 부모가 걱정하는 모습만 보며 자란 세대여서일까, 놀라지 않을 수 없었다...",http://v.daum.net/v/20260417130907113
숏폼,"[차 한 잔]""매년 신인처럼""…보컬리스트 JD,숏폼OST부터 라이브 무대까지",http://v.daum.net/v/20260427152633105
숏폼,"아티스트로 '크러쉬'와 '자이언티' 등을 꼽았다. 이들의 공통점으로는 ""직설적이면서도 솔직한 감정 표현""을 들었다. 최근에는숏폼드라마 OST 작업에도 참여했다. 드라마 '러브러브 체인지'의 OST '짙은 밤'이다. 동갑내기 배우 이범규의 제안으로 시작된 이 작업...",http://v.daum.net/v/20260427152633105
숏폼,주예지 치어리더 '야구장에 등장한 춘리'[엑's숏폼],http://v.daum.net/v/20260513071315674
숏폼,[알립니다] 산재예방 아이디어…전국민 '숏폼' 공모,http://v.daum.net/v/20260422175406626
숏폼,매일경제신문이 고용노동부·한국산업안전보건공단과 공동으로 '산재예방 아이디어숏폼영상 공모전'을 개최합니다. 안전하고 건강한 일터를 만들기 위한 창의적인 아이디어를 '1분숏폼' 영상으로 제안하면 됩니다. 주제는 산재 예방을 위해서라면 어떤 내용이든...,http://v.daum.net/v/20260422175406626
숏폼,"에피소드컴퍼니,숏폼드라마 IP 확장 가속화",http://v.daum.net/v/20260413111232855
숏폼,에피소드컴퍼니 | 서울=한스경제 김종효 기자 | 에피소드컴퍼니가숏폼드라마 IP 확장에 속도를 내고 있다. 에피소드컴퍼니는 2026년 상반기 공개 예정인 신작 '내 남편과 닮은 남자'의 공동제작을 완료했다고 13일 밝혔다. 이번 작품은 페이퍼릿스튜디오와...,http://v.daum.net/v/20260413111232855
숏폼,신한은행 나라사랑카드숏폼공모전 개최…상금 총 1600만원 수여,http://v.daum.net/v/20260422110234255
숏폼,[이데일리 이수빈 기자] 신한은행이 ‘신한 나라사랑카드 홍보숏폼공모전’을 개최한다고 22일 밝혔다. 이번 공모전은 ‘20초로 증명하는 신한 나라사랑카드의 매력’을 주제로 진행되며 신한 나라사랑카드의 핵심 혜택과 차별화된 강점을 20초 이내숏폼영상으로...,http://v.daum.net/v/20260422110234255
숏폼,"“경남 매력숏폼으로 알린다”… 경남도, 필리핀 인플루언서 팸투어 진행",http://v.daum.net/v/20260416154211582
숏폼,보유한 필리핀 ‘메가 인플루언서’ 군단을 초청해 동남아 관광객 유치 선점에 나섰다. 단순한 경치 구경을 넘어 K푸드 체험과숏폼(Short-form) 콘텐츠 제작을 결합해 부산을 찾은 외국인 관광객의 발길을 경남으로 돌리겠다는 전략이다. 경남도는 한국관광공사(KTO...,http://v.daum.net/v/20260416154211582
숏폼,19금숏폼·오픈채팅 못 보게 막는다…카톡 '자녀보호' 기능 도입,http://v.daum.net/v/20260414092535264
숏폼,설정' 기능을 새롭게 탑재했다. 2026.04.14. (카카오 공지사항 갈무리) (서울=뉴스1) 신은빈 기자 = 카카오톡이 미성년자 자녀의숏폼(짧은 동영상)과 오픈채팅 이용 범위를 부모가 관리할 수 있도록 하는 자녀 보호 설정 기능을 새롭게 탑재했다. 14일 카카오...,http://v.daum.net/v/20260414092535264
숏폼,"기사 하나로 카드뉴스·숏폼까지… 세계일보, AI 콘텐츠 기술 특허 출원",http://v.daum.net/v/20260420180333839
숏폼,있다. 본지는 지난 17일 지식재산처에 ‘인공지능 기반 카드뉴스 자동 생성 시스템 및 그 구동 방법’과 ‘뉴스 기사 입력 기반숏폼영상 자동 생성 방법 및 이를 수행하는 인공지능 장치’ 등 특허 2건을 동시 출원했다. 지난 8일에는 SEGYE.On에 대한 상표등록도...,http://v.daum.net/v/20260420180333839
숏폼,"“등급계란, 알(Egg)고 먹자!”…5월22일까지 달걀등급제 ‘숏폼’ 공모",http://v.daum.net/v/20260421171011087
숏폼,"공모전 홍보물. 축산물품질평가원 축산물품질평가원(원장 박수진)은 5월22일까지 ‘계란 등급제숏폼공모전’을 개최한다고 최근 밝혔다. 축평원에 따르면 공모전은 ‘등급계란, 알(Egg)고 먹자!’를 주제로 ‘오래가는 신선함’등 달걀등급제의 가치를 소비자 시선...",http://v.daum.net/v/20260421171011087
숏폼,"'돌풍' 큐티 스트리트, 영리한 '귀여움' 반란…숏폼시대 관통 '뉴 가와이' 전략",http://v.daum.net/v/20260418104310754
숏폼,그리고 정돈된 청순함과 힙함에 방점을 찍는 현 주류 K-팝 걸그룹과는 궤도가 다르다. '점화'를 넘어선 '수확'…철저하게 설계된숏폼시대의 영리한 문법 큐티 스트리트의 한국 내 돌풍이 그저 '운 좋은 바이럴'의 결과라고 생각한다면 오산이다. 최근 엠넷(Mnet...,http://v.daum.net/v/20260418104310754
숏폼,'사냥개들2' 30초에 홀려서 7시간 정주행…숏폼이 역유입 부른다 [TEN스타필드],http://v.daum.net/v/20260411070303407
숏폼,"코퍼레이션이 발표한 4월 1주차 화제성 지표 펀덱스에서 TV-OTT 드라마 부문 1위를 차지한 넷플릭스 '사냥개들2'의 인기 기반에는숏폼의 영향이 있었다. 어유선 굿데이터코퍼레이션 연구원은 ""유튜브, 네이버TV, 카카오TV 등 영상 서비스 플랫폼을 두루 분석한 결과...",http://v.daum.net/v/20260411070303407
숏폼,"빵부터숏폼·꽃밭까지… 시도 선관위들, 투표율 끌어올리는 ‘이색 선거 마케팅’ 눈길",http://v.daum.net/v/20260426113102494
숏폼,"투표 참여를 독려하는 퍼포먼스를 펼쳐 보였다. 충남도선거관리위원회는 최근 보령시와 협업해 인공지능(AI) 기술을 활용한 투표 독려숏폼영상을 제작, 공식 유튜브 채널을 통해 공개했다. 영상은 선거관리위원회 마스코트인 ‘참참이’와 보령시 마스코트 ‘머피...",http://v.daum.net/v/20260426113102494
숏폼,"영등포구육아종합지원센터, 「어린이집 조직문화 개선숏폼영상 공모전」 개최",http://v.daum.net/v/20260417144300189
숏폼,【베이비뉴스 이유주 기자】 '어린이집 조직문화 개선숏폼영상 공모전'. ⓒ영등포구육아종합지원센터 '어린이집 조직문화 개선숏폼영상 공모전'. ⓒ영등포구육아종합지원센터 영등포구육아종합지원센터(센터장 송정)는 관내 보육교직원을 대상으로 긍정적인 조직...,http://v.daum.net/v/20260417144300189
숏폼,“15초 안에 표심 잡는다”…경기 전역 번진 ‘숏폼선거전’,http://v.daum.net/v/20260410050111034
숏폼,"SNS숏폼선거 나선 지방선거 후보들. (왼쪽부터)추미애 경기도지사 후보, 김병욱 성남시장 예비후보, 김원기 의정부시장 예비후보. 각 후보 SNS 갈무리 6·3 지방선거에 도전장을 내민 후보들 사이에서 사회관계망서비스(SNS)를 중심으로 한 ‘숏폼선거전’이...",http://v.daum.net/v/20260410050111034
숏폼,김지원 '헤어나올 수 없는 여신 매력'[엑's숏폼],http://v.daum.net/v/20260512230505922
숏폼,"“경기미애자랑”·“정복 챌린지” 6·3 지방선거숏폼홍보전 확산, 新트렌드로 [이런정치]",http://v.daum.net/v/20260413120256297
숏폼,6·3 지방선거를 앞두고 여야 후보자들의 대진표가 속속 정해지고 있다. 이런 가운데 사회관계망서비스(SNS)를 중심으로 하는 ‘숏폼’ 선전도 빠르게 확산되면서 새로운 트렌드로 자리잡고 있다는 분석이다. 12일 정치권에 따르면 최근 지선에 출마한 후보자들을...,http://v.daum.net/v/20260413120256297
숏폼,키오프 벨 '여신 비주얼 뽐내는 시구!'[엑's숏폼],http://v.daum.net/v/20260510071315662
숏폼,"“춤추고 패러디까지” 확산되는 ‘숏폼선거전’…인물 검증 안되고, 정책은 어디로?",http://v.daum.net/v/20260414153009068
숏폼,"6·3 전국동시지방선거를 앞두고 정치권 전반에 '숏폼(short-form) 선거전'이 빠르게 확산되고 있다. 짧고 강렬한 영상으로 유권자에게 친근하게 다가가려는 시도지만, 정책과 역량 검증을 약화시키는 '양날의 검'이라는 우려도 함께 커지고 있다. AI 생성 이미지 6...",http://v.daum.net/v/20260414153009068
숏폼,"스타트뷰, 신용보증기금 '리틀펭귄' 선정…AI숏폼마케팅 기술력 인정",http://v.daum.net/v/20260416171302352
숏폼,"AI 기반숏폼마케팅 전문기업 스타트뷰(대표 이기훈)는 신용보증기금 스타트업 육성 프로그램인 '리틀펭귄'에 최종 선정됐다고 밝혔다. 리틀펭귄은 성장 잠재력이 높은 초기 스타트업을 대상으로 보증 지원은 물론, 단계별 멘토링과 투자 연계 등 스케일업에 필요한...",http://v.daum.net/v/20260416171302352
숏폼,"스튜디오타겟,숏폼‘억만장자 상속녀의 로맨틱 엔딩’ 하루 만에 ‘정상’",http://v.daum.net/v/20260413080128073
숏폼,사진=스튜디오타겟 제공 콘텐츠 제작사 스튜디오타겟이숏폼드라마 ‘억만장자 상속녀의 로맨틱 엔딩’으로 글로벌 시장 내 유의미한 성과를 거뒀다. 스튜디오타겟은 지난달 20일 릴숏 오리지널 ‘억만장자 상속녀의 로맨틱 엔딩’을 공개했다. 공개 직후 플랫폼...,http://v.daum.net/v/20260413080128073
숏폼,"흥행 보증수표 이정섭, 권도균 내세워숏폼정조준",http://v.daum.net/v/20260415153402291
숏폼,‘그의 사랑은 거짓이었다’에 출연하는 배우 권도균. 권도균 측 제공 배우 권도균이 글로벌숏폼드라마 시장에 본격적으로 뛰어든다. 권도균은 드라마박스의 신작 ‘그의 사랑은 거짓이었다’의 남자 주인공으로 캐스팅되어 새로운 연기 도전에 나선다. ‘그의...,http://v.daum.net/v/20260415153402291
숏폼,"네이버, 리뷰까지 '숏폼화'…클립에 플레이스 연동",http://v.daum.net/v/20260414092529260
숏폼,"MY플레이스 리뷰와 클립을 연동하고, 콘텐츠 탐색 구조를 개편하는 등 클립 서비스를 고도화한다. 네이버 제 [파이낸셜뉴스]숏폼경쟁이 격화되는 가운데 네이버가 로컬 리뷰를 영상 콘텐츠로 끌어들이며 창작자 생태계 확장에 나섰다. 텍스트 기반 '플레이스 리뷰...",http://v.daum.net/v/20260414092529260
숏폼,숏폼과 SNS는 어떻게 뇌를 망가뜨리나,http://v.daum.net/v/20260424165701768
숏폼,"부여됐던 쾌락은 이제 원래 목적과 상관없이 그 자체에 집착하는 현상인 '중독'으로 인류를 이끈다. 가공식품에 손을 뻗고, 유튜브숏폼영상에서 눈을 떼지 못하며, 사회관계망서비스(SNS)에 집착하는 우리의 모습은 비관적인 질문을 떠올리게 한다. 과연 중독에서...",http://v.daum.net/v/20260424165701768
숏폼,손나은 '예쁘다는 감탄사가 가득!'[엑's숏폼],http://v.daum.net/v/20260509094905744
숏폼,4세대 원톱 비주얼로 떠오른 20대 유명 아이돌…인피니트 엘 닮았다더니숏폼180만 뷰 돌파,http://v.daum.net/v/20260416210133108
숏폼,"원톱 비주얼'을 뽐냈다. 앞서 그는 데뷔 초부터 인피니트의 엘(김명수)를 닮았다고 화제 됐다. 드리핀은 최근 공식 SNS를 통해 다양한숏폼콘텐츠를 공개하며 글로벌 팬들과 소통하고 있는 가운데, 차준호의 비주얼이 화제를 모으고 있다. 영상 속 차준호는 만화...",http://v.daum.net/v/20260416210133108
숏폼,"권도균, '김탁구' 이정섭 PD 손 잡았다…글로벌숏폼드라마 도전",http://v.daum.net/v/20260415113935530
숏폼,배우 권도균/ 사진제공=클리셰컴퍼니 (서울=뉴스1) 안태현 기자 = 배우 권도균이 '제빵왕 김탁구' 이정섭 PD가 연출하는 글로벌숏폼드라마에 출연했다. 소속사 클리셰컴퍼니는 15일 권도균이 드라마박스의 신작 '그의 사랑은 거짓이었다' 남자 주인공으로 캐스팅...,http://v.daum.net/v/20260415113935530
숏폼,"에이프릴 출신 윤채경,숏폼드라마 ‘사랑의 유턴’ 주인공…하반기 공개",http://v.daum.net/v/20260416083609558
숏폼,스포츠동아 이승미 기자] 드라마박스에서 글로벌 흥행에 성공한 ‘사랑의 유턴’이 실력파 제작진과 배우들의 손을 거쳐 한국형숏폼드라마로 부활한다. ㈜더콘텐츠온(TCO)와 ㈜스토리바이트(SBT)가 으로 ‘사랑의 유턴’의 리메이크작을 선보일 예정이다. 해당...,http://v.daum.net/v/20260416083609558
숏폼,숏폼·영상으로 제품안전 정보 전달…청년 크리에이터 출범,http://v.daum.net/v/20260423110112075
숏폼,"구성됐다. 향후 제품안전 홍보 콘텐츠 제작, 위해제품 정보 전달, 안전문화 확산 활동 등을 수행한다. 콘텐츠는 영상, 카드뉴스,숏폼등 다양한 디지털 매체를 활용해 제작한다. 국민 눈높이에 맞는 정보 전달을 통해 제품안전 인식 제고와 안전한 소비 실천 확산을...",http://v.daum.net/v/20260423110112075
숏폼,"""상금 두 배에숏폼까지""…대구경북 환경 공모전 '들썩'",http://v.daum.net/v/20260419144432429
숏폼,"""창의적 체험 활동 시간에 우리 반이 환경 지킴이가 되어서숏폼영상을 찍어볼까?"" 이달 30일까지 진행되는 '제34회 대구·경북 환경사랑 공모전' 접수가 본격적으로 시작되면서 대구·경북 지역 일선 초등학교들의 참여 열기가 달아오르고 있다. 단순한 그리기...",http://v.daum.net/v/20260419144432429
숏폼,카톡에 '자녀 보호' 도입…숏폼·오픈채팅 통제,http://v.daum.net/v/20260414061627953
숏폼,새롭게 선보였다. 14일 정보통신기술(ICT) 업계에 따르면 카카오는 카카오 패밀리 계정에 등록된 보호자가 미성년자 자녀를 초대해숏폼과 오픈채팅 이용 범위를 설정할 수 있는 자녀 보호 기능을 이달부터 지원한다. 미성년자 자녀를 둔 보호자는 기존 고객센터...,http://v.daum.net/v/20260414061627953
숏폼,"정부, 계란 등급제 널리 알리는 ‘숏폼’ 만들면 상금 지급",http://v.daum.net/v/20260419114457640
숏폼,"상금을 주는 행사를 진행한다. 19일 농림축산식품부에 따르면 축산물품질평가원(축평원)은 20일부터 5월 22일까지 ‘계란 등급제숏폼공모전’을 개최하기로 했다. 주제는 ‘등급 계란, 알(Egg)고 먹자!’다. 계란 등급제의 가치를 소비자의 시선에서 쉽고 재미있게...",http://v.daum.net/v/20260419114457640
숏폼,"권도균, ‘제빵왕 김탁구’ 이정섭 PD숏폼드라마 남주 출격",http://v.daum.net/v/20260415115638326
숏폼,"포켓돌스튜디오 제공 [뉴스엔 이민지 기자] 배우 권도균이 글로벌숏폼드라마 시장에 진출했다. 권도균은 드라마박스 신작 '그의 사랑은 거짓이었다' 남자 주인공으로 캐스팅됐다. ‘그의 사랑은 거짓이었다’는 사랑과 배신, 욕망이 얽힌 세 남녀의 관계를 그린...",http://v.daum.net/v/20260415115638326
숏폼,"""우리 애,숏폼·오픈채팅 못 하게""…카톡, 자녀 보호 기능 확대",http://v.daum.net/v/20260413143826282
숏폼,기자 = 카카오가 카카오톡 청소년 보호 기능을 확대했다. 부모 초대와 자녀 수락 절차만으로 부모가 카카오톡 앱 내에서 자녀의숏폼콘텐츠 노출과 오픈채팅 참여 여부를 직접 관리할 수 있도록 했다. 13일 업계에 따르면 카카오는 최근 카카오톡 '패밀리 계정...,http://v.daum.net/v/20260413143826282
숏폼,"에피소드컴퍼니, 글로벌숏폼시장 두드린다",http://v.daum.net/v/20260413184406177
숏폼,[디지털데일리 채성오기자] 에피소드컴퍼니(구 캐리소프트)가숏폼드라마 '내 남편과 닮은 남자' 공동제작을 완료했다고 13일 밝혔다. 내 남편과 닮은 남자는 헌신했던 남편에게 배신당하고 아이까지 잃게 된 여자가 복수를 위해 남편의 새 처외삼촌과 결혼하며...,http://v.daum.net/v/20260413184406177
숏폼,엔믹스 지우 '승리 기원 열정 시구!'[엑's숏폼],http://v.daum.net/v/20260511100017141
숏폼,"청소년 96%숏폼시청…영등위, 학교 찾아 바로보기 프로그램",http://v.daum.net/v/20260415133657859
숏폼,"영상물 바로보기 프로그램을 4월 13일부터 본격 운영한다고 15일 밝혔다. 영등위 제공 영상물등급위원회(영등위)는 자극적인숏폼(Short-form) 영상물이 늘어나고 있는 가운데, 청소년이 유해 영상물을 스스로 선별하고 건전하게 이용할 수 있도록 청소년 영상물...",http://v.daum.net/v/20260415133657859
숏폼,"'심우면 연리리',숏폼까지 110만뷰…제대로 터졌다",http://v.daum.net/v/20260420152533246
숏폼,"KBS 제공 [OSEN=장우영 기자] 드라마판 ‘리틀 포레스트’로 평가 받으며 힐링과 웃음, 감동을 선사 중인 ‘심우면 연리리’.숏폼영상마저 110만 조회수를 기록하며 그 인기를 짐작케 한다. KBS2 새 미니시리즈 ‘심우면 연리리’(극본 송정림 왕혜지, 연출 최연수...",http://v.daum.net/v/20260420152533246
숏폼,카톡 '자녀 보호' 기능 도입…숏폼·댓글·검색·오픈채팅 별도 관리,http://v.daum.net/v/20260414105102182
숏폼,톡에 자녀 보호 기능을 도입했다. 14일 업계 등에 따르면 카카오는 카카오 패밀리 계정에 등록된 보호자가 미성년자 자녀를 초대해숏폼과 오픈채팅 이용 범위를 설정할 수 있는 자녀 보호 기능을 이달부터 지원한다. 미성년자 자녀를 둔 보호자는 기존 고객센터...,http://v.daum.net/v/20260414105102182
숏폼,"채널A,숏폼드라마 ‘그 여자를 유혹해줘’ 제작",http://v.daum.net/v/20260416133707905
숏폼,"[동아닷컴] [동아닷컴 최윤나 기자] 채널A가숏폼드라마 시장에 본격 진출한다. 채널A 스튜디오D가 제작한숏폼드라마 ‘그 여자를 유혹해줘’는 총 50부작으로 구성된 세로형 콘텐츠로, 사랑과 배신, 복수가 교차하는 치정 멜로를 그린다. “나를 사랑한다면, 내...",http://v.daum.net/v/20260416133707905
숏폼,두산 카메론 '팬들과 함께 부르는 응원가!'[엑's숏폼],http://v.daum.net/v/20260511110124162
숏폼,"최휘영 장관 ""숏폼시대에 필요한 '멈춤', 책과 함께 누리길""",http://v.daum.net/v/20260423201035540
숏폼,"[이데일리 장병호 기자] “‘숏폼’과 같은 자극적인 콘텐츠가 많은 지금, 책은 우리에게 잠깐 동안의 ‘멈춤’과 함께 생각할 여유를 줍니다.” 최휘영 문화체육관광부 장관이 23일 서울 강남구 코엑스 별마당 도서관에서 열린 2026 책 읽는 대한민국 캠페인 선포식...",http://v.daum.net/v/20260423201035540
숏폼,"크리에이터, 아티스트 등 각 분야의 전문가들이 직접숏드라마를 기획하고 연출하며 경쟁하는 서바이벌 프로그램이다. 참가자들은숏폼콘텐츠 시대에 발맞춰 제한된 시간 안에 자신만의 연출 스타일과 스토리텔링 역량을 입증해야 한다. 단순한 경쟁을 넘어 창작자...",http://v.daum.net/v/20260514080217558
숏폼,카톡에 ‘자녀 보호’ 설정 도입...숏폼·오픈채팅 이용 제한 가능해진다,http://v.daum.net/v/20260414161500406
숏폼,카카오톡 패밀리 계정 [출처 = 카카오] 만 19세 미만 자녀를 둔 보호자들은 이제 카카오톡에서 자녀의숏폼시청이나 오픈채팅 참여를 관리할 수 있게 됐다. 14일 정보기술(IT) 업계에 따르면 카카오는 카카오 패밀리 계정을 통해 보호자가 미성년 자녀의숏폼과...,http://v.daum.net/v/20260414161500406
숏폼,"계란 등급제숏폼공모전, 창의력으로 신선함 알린다",http://v.daum.net/v/20260420101229386
숏폼,이번 공모전 포스터. (사진=축평원 제공) 계란 등급제의 가치를 알리기 위한 '계란 등급제숏폼공모전'이 4월 20일부터 5월 22일까지 열린다. 축산물품질평가원(원장 박수진)이 주최하는 이번 공모전은 국민의 창의적인 아이디어를 통해 계란 등급제의 '오래가는...,http://v.daum.net/v/20260420101229386
숏폼,숏폼전쟁 격화…'크리에이터 쟁탈전' 본격화,http://v.daum.net/v/20260402161605380
숏폼,"【 앵커멘트 】 짧고 강렬한 영상, 이른바 '숏폼' 경제가 빠르게 성장하면서 플랫폼 간 경쟁도 더욱 치열해지고 있습니다. 이제는 단순한 콘텐츠 경쟁을 넘어, 누가 더 많은 크리에이터를 확보하느냐가 핵심 승부처로 떠올랐는데요. K-콘텐츠의 글로벌 영향력이...",http://v.daum.net/v/20260402161605380
숏폼,"“부모가숏폼·오픈채팅 관리”…카톡, 자녀 보호기능 도입",http://v.daum.net/v/20260414175425899
숏폼,카카오톡이 미성년 자녀의숏폼이용과 오픈채팅 참여를 관리할 수 있는 자녀 보호 기능을 새롭게 도입했다. 14일 업계에 따르면 카카오는 카카오 패밀리 계정에 등록된 보호자가 미성년자 자녀를 초대해숏폼과 오픈채팅 이용 범위를 설정할 수 있는 자녀 보호 기능...,http://v.daum.net/v/20260414175425899
숏폼,숏폼에 빠진 우리 아이… 카톡 기능 부모가 관리,http://v.daum.net/v/20260415050440622
숏폼,보호자가 검색 권한 제어숏폼시청·댓글 작성 등 관리 오픈채팅 참여 승인 받아야 자율 통제로 규제 정면돌파 카카오가 미성년 자녀의숏폼과 오픈채팅 이용 범위를 보호자가 직접 제어하고 승인할 수 있는 ‘자녀 보호’ 기능을 이달부터 새롭게 선보였다. 글로벌...,http://v.daum.net/v/20260415050440622
숏폼,“중국 물량 공세 맞서 한국 ‘숏폼드라마’ 저력 보여드릴게요”,http://v.daum.net/v/20260407004301655
숏폼,최혁재 스푼랩스 대표가 24일 서울 강남구 본사에서 ‘비글루’의숏폼드라마 촬영용 슬레이트를 들고 있다. 이 회사는 웹툰·게임 등 한국 IP를 앞세워 글로벌 시장 공략에 나설 계획이다. /박성원 기자 늑대인간과 뱀파이어 종족의 전쟁이 벌어지고 그 사이에 낀...,http://v.daum.net/v/20260407004301655
숏폼,“숏폼·AI 등장하는데 한국 드라마 방향 못 잡아”...한국드라마PD협회 창립,http://v.daum.net/v/20260412151501675
숏폼,"11일 오후 서울 강남구에서 한국드라마PD협회 창립기념식이 열렸다. 사진은 이정섭 PD가 '숏폼드라마 제작의 현황과 미래'를 주제로 발표하는 모습. 최혜리 기자 "" 지금숏폼드라마를 만드는 중국의 ‘드라마박스’는 제작의 30~40%를 AI(인공지능)로 전환하고...",http://v.daum.net/v/20260412151501675
숏폼,"[주니어전자]카카오톡,숏폼·오픈채팅 관리 자녀 보호 기능 도입",http://v.daum.net/v/20260414155300257
숏폼,"선보였습니다. 14일 정보통신기술(ICT) 업계에 따르면, 카카오는 카카오 패밀리 계정에 등록된 보호자가 미성년자 자녀를 초대해숏폼영상과 오픈채팅 이용 범위를 직접 설정할 수 있는 자녀 보호 기능을 이달부터 지원합니다. 이제 미성년 자녀를 둔 보호자는 따로...",http://v.daum.net/v/20260414155300257
숏폼,"투자 확대에 적자 폭 키운 리디, '만화·숏폼'으로 변화 힘준다",http://v.daum.net/v/20260405120702610
숏폼,"지난해숏드라마 플랫폼을 출시하면서 초기 투자 비용이 확대됐기 때문이다. 향후 리디는 기존 웹툰·웹소설 외에도 만화,숏폼등 다양한 콘텐츠를 선보여 실적 개선 및 변화에 힘쓸 것으로 보인다. 5일 업계에 따르면 리디는 지난해 영업손실 262억1397만원을 기록...",http://v.daum.net/v/20260405120702610
숏폼,사천시시설관리공단 바다케이블카숏폼콘테스트,http://v.daum.net/v/20260427213419327
숏폼,"사천시시설관리공단이 지난 26일 사천바다케이블카의 매력을 알리기 위한 '숏폼콘테스트'를 개최한다고 밝혔다. 이번 공모전은 케이블카에서 촬영한 풍경과 여행 장면, 체험 후기를 30~60초 영상으로 표현하는 참여형 콘텐츠 공모다. 참여는 전 국민 누구나 개인...",http://v.daum.net/v/20260427213419327
숏폼,AI·숏폼으로 웃은 메타… 구글 제치고 디지털 광고 시장 1위 된다,http://v.daum.net/v/20260414160300820
숏폼,메타가숏폼콘텐츠와 인공지능(AI)에 힘입어 구글을 제치고 디지털 광고 시장 1위에 오를 것이라는 전망이 나왔다. 13일 미국 월스트리트저널(WSJ)이 광고 리서치업체 이마케터를 인용한 보도에 따르면 올해 메타의 광고 순이익은 2434억6000만달러(약 360조6000억...,http://v.daum.net/v/20260414160300820
숏폼,"아이유, 대군부인 행차에 서울이 들썩 [엑's숏폼]",http://v.daum.net/v/20260511144715691
숏폼,"카카오톡, 자녀 보호 기능 도입‥'숏폼·오픈채팅 통제'",http://v.daum.net/v/20260414133600873
숏폼,"자료사진 카카오톡이 보호자가 미성년자 자녀의숏폼과 오픈채팅 이용 범위를 설정할 수 있는 '자녀 보호 기능'을 이번 달부터 지원합니다. 미성년자 자녀를 둔 보호자는 카카오톡 패밀리 계정을 이용해 자녀 보호 기능을 설정할 수 있으며, 패밀리 계정 대표자가...",http://v.daum.net/v/20260414133600873
숏폼,"경쟁하는 서바이벌 프로그램이다. 참가자들은 제한된 러닝타임 안에서 자신만의 연출 스타일과 스토리텔링 역량을 선보이며,숏폼콘텐츠 시대에 맞는 새로운 영상 문법으로 경쟁하며 승부를 가린다. 특히 단순 예능형 경쟁이 아닌, 참가자 각자의 개성과 연출 철학...",http://v.daum.net/v/20260513123217560
숏폼,카톡 자녀 보호 기능 도입⋯만 19세 미만숏폼·오픈채팅 이용 관리,http://v.daum.net/v/20260413170726445
숏폼,"[아이뉴스24 정유림 기자] 카카오는 미성년자의숏폼(짧은 영상), 오픈채팅(불특정 다수가 함께 하는 익명 대화방) 서비스 이용을 보호자가 관리할 수 있는 자녀 보호 기능을 카카오톡에 도입했다. [사진=카카오] 13일 카카오에 따르면 최근 카카오톡에 자녀 보호...",http://v.daum.net/v/20260413170726445
숏폼,"카카오톡 '자녀 보호' 기능 추가…""부모가 직접숏폼·오픈채팅 권한 부여""",http://v.daum.net/v/20260414164656945
숏폼,카카오톡 내 자녀 보호 조치 간소화에 나선다. 이번 조치는 미성년 자녀에게 연령에 맞지 않는 콘텐츠가 노출될 가능성이 있는 '숏폼(짧은 동영상)'과 불특정다수와의 대화가 가능한 '오픈채팅' 서비스 이용 여부를 보호자가 직접 확인하고 설정할 수 있도록 한 것이...,http://v.daum.net/v/20260414164656945
숏폼,"“웃고 넘기면 끝”…숏폼정치, 표심 대신 ‘소비’만 남기나",http://v.daum.net/v/20260410050110031
숏폼,기사 내용을 바탕으로 AI를 통해 제작된 일러스트. 경기일보 AI 뉴스 이미지 6·3 지방선거를 앞두고 정치권 전반에 확산된 ‘숏폼선거전’이 친근한 이미지와 후보 홍보 효과를 가진 이면에 정책과 역량 검증을 약화시킨다는 지적도 나온다. 짧고 강한 자극 중심의...,http://v.daum.net/v/20260410050110031
숏폼,"더콘텐츠온·스토리바이트, ‘사랑의 유턴’ 리메이크…올 하반기숏폼드라마 공개",http://v.daum.net/v/20260415173509010
숏폼,사진=더콘텐츠온 제공 코넥스 상장 기업 더콘텐츠온(이하 TCO)이숏폼드라마 사업에 박차를 가한다. TCO는 관계 회사인 스토리바이트(SBT)와 첫 작품으로 드라마박스(DramaBox)에서 글로벌 흥행에 성공한 ‘사랑의 유턴’ 리메이크작을 선보일 예정이다. 해당 작품은...,http://v.daum.net/v/20260415173509010
숏폼,"숏뜨,숏폼커머스 사업 확대… 매년 매출·영업이익 성장세",http://v.daum.net/v/20260407153603364
숏폼,"숏폼마케팅 기업 숏뜨(SHORTT)가 지난해 성장 흐름을 이어가며숏폼커머스 사업 확대에 나섰다. 숏뜨는 2021년 설립 이후 크리에이터 섭외와 콘텐츠 기획·제작, 퍼포먼스 마케팅까지숏폼비즈니스 전반을 아우르는 사업 구조를 운영해 왔다. 회사 측은 최근 몇...",http://v.daum.net/v/20260407153603364
숏폼,"골든블루,숏폼크리에이터 육성 '새파란 녀석들' 3기 발대식",http://v.daum.net/v/20260416100750966
숏폼,골든블루 제공 '새파란 녀석들' 3기 발대식 모습. 골든블루 제공 [파이낸셜뉴스] 골든블루는 지난 15일 서울 강남구 인근에서숏폼크리에이터 육성 프로젝트 '새파란 녀석들' 3기의 발대식을 개최했다고 16일 밝혔다. 젊은 세대와의 접점을 확대하기 위해 기획된 이...,http://v.daum.net/v/20260416100750966
숏폼,"연극·영화에숏폼까지…스윙스, 연기에 왜 이렇게 진심이야 [왓IS]",http://v.daum.net/v/20260428135946516
숏폼,"골든블루,숏폼크리에이터 육성 '새파란 녀석들' 3기 출범",http://v.daum.net/v/20260416094932912
숏폼,골든블루는 지난 15일 서울 강남구 인근에서숏폼크리에이터 육성 프로젝트 '새파란 녀석들' 3기 발대식을 개최했다고 16일 밝혔다. 이 프로젝트는 젊은 세대와의 접점을 확대하기 위해 기획됐다. 크리에이터들이 위스키 문화를 각자의 방식으로 재해석해 온라인...,http://v.daum.net/v/20260416094932912
숏폼,"[주니어전자]송파구, AI로 만드는 기후 대응숏폼공모전 개최",http://v.daum.net/v/20260413101901919
숏폼,2026 송파구 AI로 만드는숏폼영상 공모전 / 송파구 송파구가 생성형 인공지능(AI)을 활용한 기후 대응숏폼(짧은 영상) 공모전을 열었습니다. 이번 공모전은 6월 5일 '환경의 날'을 앞두고 기획됐습니다.숏폼과 AI 기술을 접목해 기후 위기에 대한 시민들의 관심...,http://v.daum.net/v/20260413101901919
숏폼,"LG이노텍, '피지컬 AI' 알릴 대학생 찾는다...숏폼공모전 열어",http://v.daum.net/v/20260413104701482
숏폼,LG이노텍 대학생 유튜브숏폼광고 공모전 포스터 이미지. LG이노텍 제공 [파이낸셜뉴스] LG이노텍은 대학생을 대상으로 유튜브숏폼광고 공모전을 개최한다고 13일 밝혔다. 이번 공모전은 대학생들이 미래 기술을 새로운 시각으로 해석하고 표현할 수 있도록 기획...,http://v.daum.net/v/20260413104701482
숏폼,"""숏폼·오픈채팅, 부모가 관리""…카톡, '자녀보호 기능' 전면 도입",http://v.daum.net/v/20260414105243294
숏폼,[디지털데일리 채성오기자] 카카오가 카카오톡 내 미성년자 이용 환경을 보호하기 위한 자녀 보호 기능을 도입했다.숏폼콘텐츠와 오픈채팅 등 최근 이용이 빠르게 늘고 있는 서비스 영역까지 보호자가 직접 관리할 수 있도록 한 것이 핵심이다. 14일 정보통신기술...,http://v.daum.net/v/20260414105243294
숏폼,"권도균, ‘제빵왕 김탁구’ 이정섭 PD 손잡고숏폼주연 도약",http://v.daum.net/v/20260415120340781
숏폼,"배우 권도균 배우 권도균이 글로벌숏폼드라마 시장에 본격적으로 발을 내딛는다. 권도균은 그의 사랑은 거짓이었다 남자 주인공으로 캐스팅되며 새로운 도전에 나섰다. ‘그의 사랑은 거짓이었다’는 사랑과 배신, 욕망이 얽힌 세 남녀의 관계를 그린 작품으로...",http://v.daum.net/v/20260415120340781
숏폼,국회 그만두고 인스타그램 파고보니…디스코드·숏폼·밈에 기생하는 혐오문화,http://v.daum.net/v/20260417090455105
숏폼,"저자가 여의도를 떠나 인스타그램으로 향한 뒤 마주한 현장을 바탕으로 썼다. 보좌진이 신문 헤드라인을 좇는 동안 10대들은 밈과숏폼, 익명 커뮤니티에서 정치를 소비하고 있었다는 문제의식이 책의 출발점이다. 정민철은 1020의 극우화를 단순한 치기나 일탈로...",http://v.daum.net/v/20260417090455105
숏폼,카카오톡 ‘자녀 보호 기능’ 도입…숏폼·오픈채팅 이용 제한 설정 가능,http://v.daum.net/v/20260414091146640
숏폼,새로운 기능을 추가했다. 14일 ICT 업계에 따르면 카카오는 이달부터 ‘카카오 패밀리 계정’을 기반으로 보호자가 자녀를 초대해숏폼콘텐츠와 오픈채팅 이용 범위를 직접 설정할 수 있는 자녀 보호 기능을 제공한다. 이번 기능은 별도의 고객센터 신청 없이...,http://v.daum.net/v/20260414091146640
숏폼,숏폼드라마 플랫폼 '레진스낵' 두달만에 가입자 10만 돌파,http://v.daum.net/v/20260420161534857
숏폼,"프리미엄숏폼드라마 플랫폼 ‘레진스낵(Lezhin Snack)’이 지난 2월 출시 이후 가파른 성장세를 보이며 국내숏드라마 시장의 새로운 강자로 떠오르고 있다. 레진스낵은 가입자 10만 명 돌파라는 성과를 바탕으로 합리적인 ‘주간 요금제’를 전격 도입, 시장의...",http://v.daum.net/v/20260420161534857
숏폼,QVC가 보여준 ‘숏폼쇼핑’의 시대 [이슈크래커],http://v.daum.net/v/20260417142807429
숏폼,"습관 변화와 고정비 부담, 부채 문제를 동시에 견디지 못하고 있는 셈입니다. 바뀐 건 ‘상품’ 아닌 ‘발견 방식’ TV 홈쇼핑에서숏폼·라이브커머스로 이동한 소비 방식 변화. (사진=챗GPT AI 생성) 이번 QVC 사안을 이해하는 핵심은 ‘무엇을 파느냐’보다...",http://v.daum.net/v/20260417142807429
숏폼,K-뷰티 숨은 주역으로숏폼·유통 강소기업들 부상,http://v.daum.net/v/20260408153700358
숏폼,서울 강남구의숏폼라이브 커머스 전문 스튜디오 ‘윗유 라이브 스튜디오’에서 K-뷰티 브랜드의 틱톡샵 생방송이 진행되고 있다. 윗유 제공 “영상 보고 바로 구매”…숏폼커머스가 바꾼 K-뷰티 수출 공식 K-뷰티 열풍의 숨은 주역으로숏폼콘텐츠 기반 커머스와...,http://v.daum.net/v/20260408153700358
숏폼,“10만원이면 남의 얼굴 산다”… 中 AI숏폼유행에 저렴해지는 '얼굴값',http://v.daum.net/v/20260410163313926
숏폼,"초상권을 무단 도용해 플랫폼에서 퇴출된 중국 AI숏폼드라마 '도화잠'. 일반인(왼쪽)이 SNS에 올린 사진을 도용해 AI 드라마(오른쪽)에 사용했다. 사진=북경일보 캡처 올해 중국 콘텐츠 시장에 인공지능(AI)숏폼드라마가 폭발적인 성장세를 보이면서, 이른바 'AI...",http://v.daum.net/v/20260410163313926
숏폼,“나의 망가짐이 투표 문턱 낮춘다면”···숏폼띄우는 ‘스타 공무원’,http://v.daum.net/v/20260409100435736
숏폼,전북선관위가 군산시청 소속 ‘스타 공무원’ 박지수 주무관과 협업해 제작한 선거홍보숏폼. 전북선관위 제공 엄숙함이 당연한 문법처럼 굳어 있던 선거 홍보에 균열을 낸 이는 뜻밖에도 한 지방 공무원이다. 전북선거관리위원회와 손잡고숏폼콘텐츠를 만든...,http://v.daum.net/v/20260409100435736
숏폼,"최휘영 ""숏폼시대에 필요한 건 멈춤""…'책 읽는 대한민국' 첫 장",http://v.daum.net/v/20260423224708556
숏폼,"""숏폼과 같은 자극적인 콘텐츠가 많은 지금, 책은 우리에게 잠깐 동안의 '멈춤'과 함께 생각할 여유를 줍니다."" 최휘영 문화체육관광부 장관이 23일 서울 강남구 코엑스 별마당도서관에서 열린 대국민 독서 캠페인 ‘2026 책 읽는 대한민국’ 선포식에 참석해...",http://v.daum.net/v/20260423224708556
숏폼,"‘숏폼+쇼핑’ 효과 톡톡히… 숏뜨, 작년 매출 180억·영업익 33억 기록",http://v.daum.net/v/20260407155005091
숏폼,"숏뜨 최근 실적 추이. 숏뜨 제공숏폼마케팅 기업 숏뜨(SHORTT)가 지난해 매출 180억 원, 영업이익 33억 원을 기록하면서 성장세를 이어갔다. 숏뜨는 지난해 매출액 180억 원, 영업이익 33억 원을 기록했다고 7일 밝혔다. 2021년 설립한 숏뜨는 4년 연속 흑자를...",http://v.daum.net/v/20260407155005091
숏폼,"배우 권도균, ‘제빵왕 김탁구’ 이정섭 PD숏폼드라마 ‘그의 사랑은 거짓이었다’ 남자 주인공 캐스팅",http://v.daum.net/v/20260415181946002
숏폼,"배우 권도균이 글로벌숏폼드라마 시장에 본격 출격한다. 권도균은 드라마박스의 신작 그의 사랑은 거짓이었다 남자 주인공으로 캐스팅되며 파격적인 도전에 나섰다. ‘그의 사랑은 거짓이었다’는 사랑과 배신, 욕망이 얽힌 세 남녀의 관계를 그린 작품으로, 최고...",http://v.daum.net/v/20260415181946002
숏폼,네이버숏폼'클립'에 장소 리뷰 연동…콘텐츠 확장,http://v.daum.net/v/20260414093144565
숏폼,"〈자료 네이버〉 네이버는숏폼서비스 '클립'에 실제 방문 경험을 기록한 MY플레이스의 로컬 리뷰를 연동, 클립 콘텐츠를 확장했다고 14일 밝혔다. 네이버는 이번 업데이트로 MY플레이스와 클립 프로필을 연동했다. MY플레이스 연동을 원하는 이용자는 네이버지도...",http://v.daum.net/v/20260414093144565
숏폼,"네이버, 장소 리뷰도숏폼…플레이스에 클립 연동",http://v.daum.net/v/20260414105705530
숏폼,"[네이버 클립 플레이스 리뷰 연동 (사진=네이버)] 네이버가 자체숏폼서비스인 '클립'의 콘텐츠 범위를 국내 맛집과 카페, 여행지 등 장소 리뷰로 확대합니다. 네이버는 MY플레이스의 로컬 리뷰와 클립을 연동해 장소 리뷰까지 클립 콘텐츠를 확장한다고 오늘(14일...",http://v.daum.net/v/20260414105705530
숏폼,"파주시, 청소년 ‘에너지숏폼공모전’ 개최",http://v.daum.net/v/20260413095503535
숏폼,파주시는 청소년들의 에너지 인식을 제고하고 디지털 미디어 활용 역량을 강화하기 위해 ‘2026년 파주시 청소년 에너지숏폼영상 공모전’을 개최한다. 파주시 제공 파주=김준구 기자 경기 파주시는 청소년들의 에너지 인식을 제고하고 디지털 미디어 활용 역량을...,http://v.daum.net/v/20260413095503535
숏폼,"[클릭! 자치뉴스] 서울 송파구, 생성형 AI 활용 기후 대응숏폼공모전",http://v.daum.net/v/20260413190402664
숏폼,AI로 만든 기후대응숏폼공모전 포스터. 송파구 제공 서울 송파구가 생성형 인공지능(AI)을 활용한 기후 대응숏폼(짧은 영상) 공모전을 개최한다고 13일 밝혔다. 이번 공모전은 AI 기술과숏폼콘텐츠를 결합해 기후 위기 대응 메시지를 확산하고 시민 참여형...,http://v.daum.net/v/20260413190402664
숏폼,"채널A숏폼드라마 ‘그 여자를 유혹해줘’ 제작…4월 16일(목) 오후 5시, 드라마박스·아이치이·비글루·레진스낵 동시 공개",http://v.daum.net/v/20260416132434435
숏폼,"채널A가 드라마 ‘거짓말의 거짓말’, ‘쇼윈도:여왕의 집’ 등으로 입증한 미스터리 멜로 장르 흥행 노하우를 바탕으로숏폼드라마 시장에 본격 진출했다. 채널A 스튜디오D가 직접 제작한숏폼드라마 ‘그 여자를 유혹해줘’는 총 50부작으로 구성된 세로형숏폼...",http://v.daum.net/v/20260416132434435
숏폼,"송파구, 생성형 AI 활용한 기후대응숏폼공모전",http://v.daum.net/v/20260412105026439
숏폼,AI로 만드는 기후대응숏폼영상 공모전 [서울 송파구 제공. 재판매 및 DB 금지] (서울=연합뉴스) 황재하 기자 = 송파구는 생성형 인공지능(AI)을 활용한 기후 대응숏폼(짧은 영상) 공모전을 개최한다고 12일 밝혔다. 오는 6월 5일 '환경의 날'을 앞두고 기획된...,http://v.daum.net/v/20260412105026439
숏폼,"장소 리뷰도숏폼으로…네이버, 클립·플레이스 리뷰 연동",http://v.daum.net/v/20260414103428231
숏폼,"네이버 클립 플레이스 리뷰 연동 (네이버 제공) (서울=뉴스1) 신은빈 기자 = 네이버(035420)가숏폼(짧은 동영상) 서비스 클립과 플레이스 리뷰를 연동해 창작자 생태계를 확장한다. 리뷰어들은 클립 콘텐츠를 기반으로 크리에이터로 성장할 수 있고, 이용자들은...",http://v.daum.net/v/20260414103428231
숏폼,"이준익 감독,숏폼드라마 도전…정진영·이정은·변요한 주연 ‘아버지의 밥상’ 촬영완료",http://v.daum.net/v/20260407113602453
숏폼,레진스낵숏폼드라마 ‘아버지의 집밥’을 연출하는 이준익 감독. 사진 레진스낵 ‘자산어보’ ‘동주’ ‘왕의 남자’ 등을 연출한 이준익 감독이 드라마에 도전한다. 그것도 파격적인숏폼드라마다.숏폼드라마 플랫폼 레진스낵 측은 7일 이준익 감독이 연출한...,http://v.daum.net/v/20260407113602453
숏폼,"""등급계란 '알'고 먹자""…축평원,숏폼공모전 개최",http://v.daum.net/v/20260418083419174
숏폼,"활용해 소비자 눈높이에서 제도의 가치를 알리겠다는 취지다. 축산물품질평가원은 오는 20일부터 다음 달 22일까지 '계란 등급제숏폼공모전'을 개최한다고 18일 밝혔다. 이번 공모전은 '등급계란, 알(Egg)고 먹자!'를 주제로, 계란 등급제가 제공하는 '오래가는...",http://v.daum.net/v/20260418083419174
숏폼,전북선관위도 '숏폼콘텐츠로 선거 홍보'…스타 공무원과 협업 '스타 마케팅' 주목,http://v.daum.net/v/20260409094227322
숏폼,선거관리위원회도 스타 공무원과 협업을 통해 최근의 대세인 '숏폼콘텐츠'를 제작해 선거홍보에 돌입하는 등 최신 트렌드를 반영한 스타 마케팅에 나서 관심을 끈다. 전북자치도 선관위는 제9회 전국동시지방선거를 앞두고 군산시청 소속 '스타 공무원'인 박지수...,http://v.daum.net/v/20260409094227322
숏폼,"웨스트월드스토리 ‘우리집 도깨비 사위’, 드라마박스 신작 1위…프리미엄숏폼경쟁력 입증",http://v.daum.net/v/20260407080202681
숏폼,드라마박스 ‘우리집 도깨비 사위’ 포스터 및 신작 1위 화면 캡처 (사진 제공=웨스트월드스토리) 웨스트월드스토리가 글로벌숏폼플랫폼 드라마박스(DramaBox)를 통해 선보인 ‘우리집 도깨비 사위’는 지난 4월 1일 공개 직후 하루 만에 신작 1위에 올랐다...,http://v.daum.net/v/20260407080202681
숏폼,유튜브숏폼자동편집 '알파컷'…8달만에 유튜버 1.5만명 몰렸다,http://v.daum.net/v/20260416160135676
숏폼,[스타트업에 대한 보다 다양한 기업정보는 유니콘팩토리 빅데이터 플랫폼 '데이터랩'에서 볼 수 있습니다.] 유튜브숏폼자동 편집 솔루션을 운영하는 알파컷이 서비스 출시 8개월 만에 누적 사용 유튜버 1만5000명을 확보했다고 16일 밝혔다. 지난해 12월 대비...,http://v.daum.net/v/20260416160135676
숏폼,"쥬비스다이어트, 2026 ADD숏폼공모전 수상작 발표",http://v.daum.net/v/20260409103658558
숏폼,쥬비스다이어트 | 서울=한스경제 김종효 기자 | 쥬비스다이어트는 약 3개월간 진행한 '2026 ADD숏폼공모전'을 마무리하고 최종 수상작을 9일 발표했다. 이번 공모전은 브랜드 가치를 소비자 시선으로 재해석한 영상 콘텐츠를 찾기 위해 기획했다. 슬로건은 '당신의...,http://v.daum.net/v/20260409103658558
숏폼,"“숏폼, OTT 감각에 맞춰 접근…좋은 창작자 발굴 토대 만들 것”",http://v.daum.net/v/20260420163733904
숏폼,빅 마더’를 공연 중인 서울시극단 이준우(41) 단장은 “도입부부터 넷플릭스 시리즈의 오프닝 같은 감각을 주고 싶었다”며 “숏폼과 OTT 콘텐트에 익숙한 관객들의 감각에 맞춰 접근하려 했다”고 설명했다. 지난해 11월 사상 최연소로 서울시극단 단장에 오르며...,http://v.daum.net/v/20260420163733904
숏폼,"AI숏폼드라마에 웬 배우 얼굴?…중국 배우단체 ""도용 말라""",http://v.daum.net/v/20260407151636280
숏폼,배우 이양첸시 모습이 AI로 합성된 중국숏폼드라마 [유튜브 캡처. 연합뉴스] 중국에서 생성형 인공지능(AI)이 '숏폼드라마' 업계를 휩쓸면서 배우 얼굴을 도용하는 문제가 불거지고 있습니다. 오늘(7일) 홍콩 명보와 중국 극목신문 등에 따르면 틱톡의 모회사인...,http://v.daum.net/v/20260407151636280
숏폼,"한국지엠, 크리에이터 협업 본격화…‘숏폼콘텐츠’로 브랜드 접점 확대",http://v.daum.net/v/20260413100608197
숏폼,"한국지엠, 크리에이터 협업 본격화…‘숏폼콘텐츠’로 브랜드 접점 확대 [사진 제공=한국지엠] 한국지엠이 크리에이터 파트너십 프로그램 ‘CODE G: Mission X’를 출범하고 디지털 콘텐츠 기반 브랜드 커뮤니케이션 강화에 나섰다. 한국지엠은 지난 10일 서울...",http://v.daum.net/v/20260413100608197
숏폼,"“1분이면 충분해!”…경기 파주시, 청소년 ‘에너지숏폼공모전’ 개최",http://v.daum.net/v/20260413223301297
숏폼,경기도 파주시 청소년 에너지숏폼영상 공모전 안내문. [사진=파주시] [아이뉴스24 김정수 기자] 경기도 파주시는 청소년들의 에너지 인식 제고와 디지털 미디어 활용 역량 강화를 위해 ‘2026년 파주시 청소년 에너지숏폼영상 공모전’을 개최한다. 이번 공모전은...,http://v.daum.net/v/20260413223301297
숏폼,"초가공식품·숏폼…초자극 시대, 중독은 어떻게 설계되나",http://v.daum.net/v/20260421102018566
숏폼,"덴마크의 과학자 겸 작가 니클라스 브렌보르는 신간 '중독을 통제할 수 있다는 착각'에서 초가공 식품, 데이팅 앱과 포르노,숏폼과 소셜미디어 등 우리 일상에 깊이 뿌리내린 중독 현상을 '초자극'이라는 틀로 설명한다. 특히 저자는 오늘날 인간 사회에서 이...",http://v.daum.net/v/20260421102018566
숏폼,"LG이노텍, 대학생 유튜브숏폼광고 공모전 개최",http://v.daum.net/v/20260413102301126
숏폼,"[아이뉴스24 권서아 기자] LG이노텍은 13일 '2026 대학생 유튜브숏폼광고 공모전'을 연다고 밝혔다. 미래 기술에 대한 대학생들의 창의적 해석을 통해 브랜드 인지도를 높이고, 채용 경쟁력을 강화하기 위한 목적이다. 이번 공모전 주제는 '피지컬 AI(Physical AI...",http://v.daum.net/v/20260413102301126
숏폼,대한민국 인구 페스티벌 사진·숏폼영상 공모전,http://v.daum.net/v/20260407161508420
숏폼,'제3회 대한민국 인구 페스티벌(2026): 사진·숏폼영상 공모전' 인구보건복지협회(회장 김경선)는 저출생 반등 추세를 이어가기 위해 '제3회 대한민국 인구 페스티벌(2026): 사진·숏폼영상 공모전'을 개최한다. 인구문제에 관심 있는 대한민국 국민이면 누구나 참여...,http://v.daum.net/v/20260407161508420
숏폼,"‘이런 성격’ 가진 사람,숏폼중독되기 더 쉽다",http://v.daum.net/v/20260329070744177
숏폼,애착 불안이 높은 사람은숏폼중독 위험이 더 크다는 연구 결과가 나왔다. 사진=게티이미지뱅크 짧은 영상(숏폼)이 일상이 된 시대다. 몇 초 단위로 끊기는 자극적인 콘텐츠는 뇌에 빠르게 보상을 제공해 사용자가 쉽게 멈추지 못하도록 만든다. 문제는 이러한 경험...,http://v.daum.net/v/20260329070744177
숏폼,"LG이노텍, 대학생 유튜브숏폼공모전…피지컬AI 주제",http://v.daum.net/v/20260413082702719
숏폼,"앞세워 피지컬 AI 시장 공략에 본격 드라이브를 걸고 있다. 공모전 참가자들은 해당 주제를 바탕으로 LG이노텍을 알리기 위한숏폼형식의 광고 영상을 제작하면 된다. 영상 길이는 15초에서 최대 120초 이내, 해상도는 1080p(가로 1080·세로 1920)의 세로형 영상...",http://v.daum.net/v/20260413082702719
숏폼,"네이버, 플레이스리뷰도 ‘클립’숏폼으로…콘텐츠 저변 확대",http://v.daum.net/v/20260414182042812
숏폼,수 있도록 MY플레이스의 로컬 리뷰와 클립을 연동한다고 14일 밝혔다. 네이버클립은 다양한 경험을 짧은 콘텐츠로 만들어 공유하는숏폼콘텐츠다. 이번 연동으로 플레이스 리뷰어가 클립 크리에이터로 성장할 수 있게 됐다. 이용자는 네이버지도나 MY플레이스의 내...,http://v.daum.net/v/20260414182042812
숏폼,신서윤 치어리더 '야구장에 등장한 귀여운 생명체'[엑's숏폼],http://v.daum.net/v/20260508142217247
숏폼,아이브 이서 '깜짝 놀란 4사구 시구'[엑's숏폼],http://v.daum.net/v/20260508110115692
숏폼,"경쟁하는 서바이벌 프로그램이다. 참가자들은 제한된 러닝타임 안에서 자신만의 연출 스타일과 스토리텔링 역량을 선보이며,숏폼콘텐츠 시대에 맞는 새로운 영상 문법으로 경쟁하며 승부를 가린다. 특히 단순 예능형 경쟁이 아닌, 참가자 각자의 개성과 연출 철학...",http://v.daum.net/v/20260513154339216
숏폼,"“대학생이라면 주목” LG이노텍, 상금 900만 원 ‘피지컬 AI’숏폼공모전",http://v.daum.net/v/20260413093724620
숏폼,"피지컬 AI 시장 공략에 본격 드라이브를 걸고 있다. 참가자들은 해당 주제를 바탕으로 LG이노텍을 알리기 위한 짧은 영상인 ‘숏폼(Shortform)’ 형식의 광고를 제작하면 된다. 영상 길이는 15초에서 최대 120초 이내, 해상도는 1080p(가로 1080·세로 1920)의 세로...",http://v.daum.net/v/20260413093724620
숏폼,"부산시립미술관,숏폼·릴스 등 ‘디지털 서브컬처’ 개막",http://v.daum.net/v/20260417092703958
숏폼,"될 수 있다는 ‘창작의 보편화 현상’을 다뤘다면 올해는 인공지능(AI)과 사회관계망서비스(SNS)를 기반으로 활동하는 창작자들이숏폼, 릴스 등 디지털 매체를 통해 형성하는 독특한 서사 방식이다. 이번 전시의 주요 특징은 스마트폰 화면에 머물던 감각적인 영상...",http://v.daum.net/v/20260417092703958
숏폼,“선택권 준다더니 슬그머니”···카카오톡 ‘소식·숏폼’ 강제 노출에 이용자 분통,http://v.daum.net/v/20260331141100724
숏폼,업데이트를 하고 강제로 소식을 보게 만들었다면 이용자를 기만한 것”이라고 말했다. 또한 이용자들은 카톡 세 번째 탭에서도 ‘숏폼’이 기본 화면으로 표시된다고 비판한다. 이용자들은 “오픈채팅과 함께 묶여 있는 세 번째 탭을 누르면숏폼이 항상 노출된다...,http://v.daum.net/v/20260331141100724
숏폼,"송파구, AI 활용 기후대응숏폼영상 공모전 개최",http://v.daum.net/v/20260412121658465
숏폼,"금지 [서울=뉴시스]최현호 기자 = 서울 송파구는 6월5일 '환경의 날'을 앞두고 생성형 AI를 활용한 '송파구 AI로 만드는 기후대응숏폼영상 공모전'을 연다고 12일 밝혔다. 대한민국 국민이면 누구나 개인 창작자 자격으로 참여할 수 있으며, 아동·청소년부와...",http://v.daum.net/v/20260412121658465
숏폼,"연출하며 경쟁하는 서바이벌 프로그램. 참가자들은 제한된 러닝타임 안에서 자신만의 연출 스타일과 스토리텔링 역량을 선보이며,숏폼콘텐츠 시대에 맞는 새로운 영상 문법으로 경쟁하며 승부를 가린다. 이유진 역시 ‘디렉터스 아레나’릍 통해 배우로서 쌓아온...",http://v.daum.net/v/20260513151915007
숏폼,"‘몬길: 스타다이브’,숏폼처럼 빠르고 과금 스트레스도 날렸다",http://v.daum.net/v/20260410115103594
숏폼,넷마블몬스터 김건 대표(우)와 넷마블 이다행 사업본부장 “숏폼드라마 같은 전개로 게임을 만들고 있어요. 시간을 많이 투자하지 않고도 몰입하게 하는 장치로 작동하길 기대하고 있습니다. 또 쉬움 난이도를 하면 플레이에 아무런 허들이 없을 정도고요. 디바이스...,http://v.daum.net/v/20260410115103594
숏폼,김세민-고승민-나승엽 '도박징계 마치고 복귀'[엑's숏폼],http://v.daum.net/v/20260506071414113
숏폼,"전북선관위, '스타 공무원' 박지수 주무관과 지방선거 홍보숏폼제작",http://v.daum.net/v/20260409113700398
숏폼,전북선관위가 군산시 소속 박지수 주무관과 협업해 선거 홍보숏폼콘텐츠를 제작했다. 전북선관위 제공 전북선거관리위원회(전북선관위)는 제9회 전국동시지방선거를 앞두고 군산시청 소속 박지수 주무관과 협업해 선거 홍보숏폼콘텐츠를 제작했다고 9일 밝혔다...,http://v.daum.net/v/20260409113700398
숏폼,"전북선관위, 박지수 주무관 출연 ‘선거 홍보숏폼’ 제작",http://v.daum.net/v/20260408171503618
숏폼,선거 홍보숏폼에 출연한 군산시 박지수 주무관. 전북선관위 제공 “투표 안 하고 밥 먹으면 조하? 기표소 안에서 촬영은 안 되는 거 알지?” 유권자들이 선거 관련 정보를 쉽고 재미있게 즐길 수 있는 영상이 공개된다. 전북특별자치도선거관리위원회는 제9회 전국...,http://v.daum.net/v/20260408171503618
숏폼,"경쟁하는 서바이벌 프로그램이다. 참가자들은 제한된 러닝타임 안에서 자신만의 연출 스타일과 스토리텔링 역량을 선보이며,숏폼콘텐츠 시대에 맞는 새로운 영상 문법으로 경쟁하며 승부를 가린다. 특히 단순 예능형 경쟁이 아닌, 참가자 각자의 개성과 연출 철학...",http://v.daum.net/v/20260513153741912
숏폼,"'사냥개들2' 정지훈 ""숏폼액션 드라마 하고파, AI로 영상 편집 배워"" [인터뷰 맛보기]",http://v.daum.net/v/20260408160544041
숏폼,"사냥개들2 정지훈 [티브이데일리 최하나 기자] ‘사냥개들2’의 배우 정지훈이숏폼드라마 도전에 대해 말했다. 정지훈은 8일 오후 서울시 종로구 삼청동 한 카페에서 진행된 넷플릭스 오리지널 시리즈 ‘사냥개들’ 시즌2(연출 김주환, 이하 ‘사냥개들2’) 인터뷰...",http://v.daum.net/v/20260408160544041
숏폼,"이필라,숏폼드라마로 데뷔 첫 주연…압도적 존재감",http://v.daum.net/v/20260409180804637
숏폼,[이데일리 스타in 최희재 기자] 배우 이필라가숏폼드라마로 존재감을 각인시켰다. 이필라(사진=아이오케이이엔엠) 이필라는 글로벌숏폼드라마 플랫폼 드라마박스의 ‘그의 사랑은 거짓이었다’에서 데뷔 후 첫 주연으로 활약했다. ‘그의 사랑은 거짓이었다’는...,http://v.daum.net/v/20260409180804637
숏폼,"디지털서브컬처, 23일 개막…창작자 13명숏폼·릴스본다",http://v.daum.net/v/20260417085014580
숏폼,"아트 페스티벌 '2026 루프 랩 부산'의 일환이다. 인공지능(AI)과 사회관계망서비스(SNS)를 기반으로 활동하는 13명의 창작자들의숏폼·릴스 등의 영상 콘텐츠를 선보인다. 작품들은 행사 메인 무대인 미술관 야외 조각 공원을 비롯해 부산시청, 해운대 유카로빌딩...",http://v.daum.net/v/20260417085014580
숏폼,"부산보건대, RISE사업 서포터즈 2기 발대식 참여…숏폼공모전 최우수상 수상",http://v.daum.net/v/20260417151732826
숏폼,"체험하고 전달하는 ‘현장 중심 소통 주체’로 성장할 수 있도록 지원할 계획이다. 특히 부산보건대학교는 행사에서 진행된 대학생숏폼영상 공모전에서 ‘최우수상’을 수상하는 성과를 거두며, 학생 참여형 콘텐츠 제작 역량을 입증했다. 서포터즈는 향후 카드...",http://v.daum.net/v/20260417151732826
숏폼,"""내가 찍지도 않은 드라마에 내가?""…중국숏폼AI 드라마 '얼굴 도용' 비상",http://v.daum.net/v/20260407143356829
숏폼,중국 배우 이양첸시. 연합뉴스 중국에서 생성형 인공지능(AI)이 '숏폼드라마' 업계를 휩쓸면서 배우들의 얼굴 도용 문제가 불거지고 있다고 현지 매체들이 7일 전했다. 홍콩 명보와 중국 극목신문 등에 따르면 중국 바이트댄스(틱톡의 모회사)가 만든숏폼드라마...,http://v.daum.net/v/20260407143356829
숏폼,"전북선관위, 정책선거·투표 참여율 올리기에숏폼뜬다",http://v.daum.net/v/20260409104632089
숏폼,전북선관위가 군산시청 박지수 주무관과 함께 만든 선거 홍보숏폼(짧은 영상) 콘텐츠 모습. 전북선관위 제공 6·3 지방선거를 앞두고 전북선거관리위원회가숏폼(짧은 영상) 콘텐츠를 활용해 선거 홍보에 나선다. 전북선관위는 전국동시지방선거를 앞두고 군산시청...,http://v.daum.net/v/20260409104632089
숏폼,"전북선관위, 스타 공무원과 협업…'선거 홍보숏폼' 게시",http://v.daum.net/v/20260409103145249
숏폼,[전주=뉴시스] 전북특별자치도선거관리위원회가 군산시청 소속 '스타 공무원' 박지수 주무관과 함께 제작한숏폼장면. (사진= 전북선관위 제공) *재판매 및 DB 금지 [전주=뉴시스] 김민수 기자 = 전북특별자치도선거관리위원회는 군산시청 소속 '스타 공무원...,http://v.daum.net/v/20260409103145249
숏폼,"제니스글로컬아카데미,숏폼콘텐츠 플랫폼으로 부상…H&H Boys 데뷔 드라마 6일만에 1,350만 조회 돌파",http://v.daum.net/v/20260407230037379
숏폼,"차량으로 10분 내외로 접근이 용이한 콘텐츠 및 IP 생성 플랫폼인 제니스글로컬아카데미(Zenith Glocal Academy, ZGA)가 제작한숏폼드라마가 글로벌 시장에서 빠르게 주목받고 있다. 제니스글로컬아카데미가 기획·제작한 남성 그룹 H&H Boys는 현재 글로벌 활동을...",http://v.daum.net/v/20260407230037379
숏폼,"610만뷰 공무원이 만들었다...전북선관위, 홍보숏폼공개",http://v.daum.net/v/20260408175603496
숏폼,선거관리위원회가 이색적인 홍보전에 나섰다. 전북 군산시청 소속 이른바 ‘스타 공무원’으로 불리는 박지수 주무관과 손잡고숏폼콘텐츠를 선보인 것이다. 전북선관위는 박 주무관과 협업해 제작한 선거 홍보숏폼콘텐츠를 공식 SNS 채널 등에 본격적으로 게시...,http://v.daum.net/v/20260408175603496
숏폼,610만 조회 ’스타 공무원’ 또 나선다…전북선관위 선거숏폼공개,http://v.daum.net/v/20260408181003171
숏폼,전북선관위가 군산시청 소속 ‘스타 공무원’ 박지수 주무관과 협업해 제작한 선거홍보숏폼. 전북선관위 제공 전북도선거관리위원회가 ‘스타 공무원’과 손잡고 선거 홍보숏폼콘텐츠를 선보인다. 전북선관위는 제9회 전국동시지방선거를 앞두고 군산시청 박지수...,http://v.daum.net/v/20260408181003171
숏폼,"기획하고 연출해 경쟁한다. 참가자들은 제한된 러닝 타임 안에서 자신만의 연출과 스토리텔링의 역량을 선보여, 최근 대세가 되는숏폼콘텐츠 시대에 맞는 새로운 영상 문법을 선보인다. 참가한 연출자들을 도울 패널로는 천만영화 ‘극한직업’의 이병헌 감독을...",http://v.daum.net/v/20260513152915464
숏폼,"숏폼으로 MZ세대와 소통…LG이노텍, 대학생 유튜브 광고 공모전 개최",http://v.daum.net/v/20260413090127862
숏폼,"피지컬 AI 시장 공략에 본격 드라이브를 걸고 있다. 참가자들은 해당 주제를 바탕으로 LG이노텍을 알리기 위한 '숏폼' 형식의 광고 영상을 제작한다.숏폼영상은 유튜브, 인스타그램 등에서 주로 활용하며, MZ세대 선호도가 높다. 이번 공모전은 국내·외 대학교(원...",http://v.daum.net/v/20260413090127862
숏폼,"아이브 리즈, 강풍도 이겨내는 절대 미모[엑's숏폼]",http://v.daum.net/v/20260507144722494
숏폼,"""연기 이상하다고? 오히려 좋아""…'닥터신' 정이찬,숏폼삼킨 임성한의 새 왕자님",http://v.daum.net/v/20260410135144818
숏폼,"막장 드라마가 TV 앞 중장년층의 전유물이었다면, '닥터신'은 젊은 세대의 도파민까지 완벽하게 장악했다. 그 비결은 철저히숏폼생태계에 최적화된 정이찬의 임팩트에 있다. '닥터신' 정이찬 / 사진=TV조선 요즘 시청자들은 1시간짜리 드라마를 끈기 있게 정주행...",http://v.daum.net/v/20260410135144818
숏폼,"치어리더 장로나, 아이돌 출신 치어리더가 말아주는 '댓츠 노노' [엑's숏폼]",http://v.daum.net/v/20260507080157469
숏폼,"최예나 '진짜가 나타났다, 캐치캐치'[엑's숏폼]",http://v.daum.net/v/20260503110620182
숏폼,"네이버,숏폼클립 개편⋯콘텐츠 탐색 강화·추천 고도화",http://v.daum.net/v/20260414131836351
숏폼,[아이뉴스24 정유림 기자] 네이버는숏폼(짧은 영상) 서비스 클립 이용자가 관심사에 맞는 콘텐츠를 더 잘 탐색할 수 있도록 개편했다고 14일 밝혔다. [사진=네이버] 네이버 클립은 기존 △구독 △추천 △인기 △스팟 탭에서 △추천 △구독 △내클립 3탭 구조로 개편...,http://v.daum.net/v/20260414131836351
숏폼,"""재밌어야 투표한다""…전북선관위, 지방선거 '숏폼' 공략",http://v.daum.net/v/20260409103438442
숏폼,전북선거관리위원회는 제9회 전국동시지방선거를 앞두고 군산시청 소속 스타 공무원인 박지수 주무관과 협업해 제작한 선거 홍보숏폼콘텐츠를 공식 SNS 채널 등에 게시한다고 9일 밝혔다. 박 주무관은숏폼콘텐츠로 화제를 모으고 있는 인물이다. 특히 지난 제...,http://v.daum.net/v/20260409103438442
숏폼,[빌린 하루] 이게 증권사야 스타트업이야…AI숏폼만드는 개발자의 하루,http://v.daum.net/v/20260413081402341
숏폼,"투자자가 AI 관련주 중 하나인 '코어위브'를 MTS에서 자주 검색하거나 매매한 이력이 있다면, 그의 MTS 화면에는 관련 종목들의숏폼영상을 띄우는 방식이다. 이런 기능들이 담긴 AI 기반의 MTS를 하반기 중 투자자들에게 공개한다는 계획이다. ◇스타트업계 '님...",http://v.daum.net/v/20260413081402341
숏폼,"""틱톡·릴스로 지구 지켜요""… 대경권 초등생 취향 저격 '숏폼' 띄운 환경사랑 공모전",http://v.daum.net/v/20260407144806714
숏폼,"공동 주최하는 '제34회 환경사랑 공모전'이 4월 30일까지 온라인 접수를 진행한다. 대회의 가장 큰 특징은 지난해 신설된 '숏폼' 부문이다. 기존의 글짓기와 그림 부문에 더해, 올해부터는 스마트폰과 1분 남짓의 짧은 영상 매체에 친숙한 '알파세대' 초등학생들의...",http://v.daum.net/v/20260407144806714
숏폼,“AI·숏폼에 꽂힌 중국·일본 드라마…한국은 방향도 못 잡아”,http://v.daum.net/v/20260413000306472
숏폼,"“숏폼드라마를 만드는 중국의 ‘드라마박스’는 제작의 30~40%를 AI(인공지능)로 전환하고 있습니다. 조만간 색보정과 특수촬영, 음악까지도 대체할 수 있을 것 같습니다. ‘인간은 과연 뭘 할 수 있을까’가 요즘 저의 고민입니다.” 지난 11일 서울 강남구 케이...",http://v.daum.net/v/20260413000306472
숏폼,"'폼이 제대로야' 정지소, 피겨 선수 출신 배우의 완벽 시구 [엑's숏폼]",http://v.daum.net/v/20260502090133220
숏폼,12일 티빙에 따르면 예능 '코미디숏리그'는 오는 6월 1일에 공개된다. '코미디숏리그'는 최근 SNS 중심으로 인기를 끌고 있는숏폼형식의 코미디를 OTT 플랫폼으로 확장한 콘텐츠다. 별도의 티빙 로그인 없이도 시청할 수 있다. 2분 30초 분량의 콘텐츠는 12...,http://v.daum.net/v/20260512103305285
숏폼,"전북선관위, 박지수 공무원과 협업한 지방선거 홍보숏폼공개",http://v.daum.net/v/20260409113447243
숏폼,"[전주MBC 자료] 전북선관위가 SNS에서 인기몰이를 하고 있는 군산시청 공무원 박지수 주무관과 협업한 6.3 지방선거 홍보숏폼을 본격적으로 선보입니다. 전북선거관리위원회는 투표 참여 독려와 정책 선거 홍보, 투표소 질서 훼손 행위 방지 등의 주제로, 박 주무관...",http://v.daum.net/v/20260409113447243
숏폼,스마트폰 사용 시기 10~11세…숏폼노출 최대한 자제를,http://v.daum.net/v/20260407152204573
숏폼,"생성 이미지. #달서구에서 초등학교 2학년 자녀를 키우는 학부모 A씨는 자녀의 초등학교 입학 이후 스마트폰 사용을 허용했지만,숏폼콘텐츠는 집중력 저하 우려로 제한하고 있다. 그는 ""코로나19 전후 또래 아이들 사이에서 언어 발달 격차가 벌어진 것을 체감했다...",http://v.daum.net/v/20260407152204573
숏폼,"유튜브 보고 있나? 네이버 클립, '리뷰 연동'으로숏폼전쟁 승부수",http://v.daum.net/v/20260414094144108
숏폼,연결하면 기존에 기록했던 플레이스 리뷰를 손쉽게 클립 프로필과 연동할 수 있다. 한 번의 연동으로 △MY플레이스 클립 리뷰(숏폼)부터 △텍스트 △사진·동영상까지 모든 유형의 플레이스 리뷰를 연결할 수 있다. 클립 프로필 연동으로 양질의 플레이스 리뷰도...,http://v.daum.net/v/20260414094144108
숏폼,"방송계→가요계,숏폼열풍…반응도 뜨겁다[SS연예프리즘]",http://v.daum.net/v/20260329100205515
숏폼,이닝을 마친 뒤 이정후와 함께 기뻐하고 있다. 도쿄(일본) | 박진업 기자 upandup@sportsseoul.com [스포츠서울 | 김현덕 기자]숏폼이 콘텐츠 시장의 중심으로 빠르게 이동하고 있다. 방송가에서 시작된 변화는 스포츠와 가요계로 번졌다. 이제는 산업 전반의 흐름...,http://v.daum.net/v/20260329100205515
숏폼,"LG이노텍, '2026 대학생 유튜브숏폼광고' 공모전 개최",http://v.daum.net/v/20260413083525965
숏폼,"앞세워 시장 공략에 나서고 있는 미래 육성 사업 분야 '피지컬 AI'다. 참가자들은 해당 주제를 바탕으로 LG이노텍을 알리기 위한 '숏폼'(Shortform) 형식의 광고 영상을 제작하면 된다. 영상 길이는 15초에서 최대 120초 이내, 해상도는 1080p(가로 1080, 세로 1920...",http://v.daum.net/v/20260413083525965
숏폼,"LG이노텍, ’2026 대학생 유튜브숏폼광고' 공모전 개최",http://v.daum.net/v/20260413100300992
숏폼,"시장 공략에 나서고 있는 미래 육성 사업 분야 ‘피지컬 AI’다. 참가자들은 해당 주제를 바탕으로 LG이노텍을 알리기 위한 ‘숏폼’(Shortform) 형식의 광고 영상을 제작하면 된다. 영상 길이는 15초에서 최대 120초 이내, 해상도는 1080p(가로 1080, 세로 1920)의...",http://v.daum.net/v/20260413100300992
숏폼,"“K-POP보다 한국어 더 많다”…日 걸그룹 큐티 스트리트,숏폼통해 이어지는 폭발적 반응",http://v.daum.net/v/20260415224039172
숏폼,사진. | 엠카운트다운 캡쳐 [스포츠서울 | 윤동언 기자] 일본 아이돌 그룹 큐티 스트리트(CUTIE STREET)를 향한 국내 관심이 각종숏폼을 통해 빠르게 확산되고 있다. 이들은 지난달 26일 엠카운트다운 무대에 올라 대표곡 ‘귀엽기만 하면 안 되나요?(かわいいだけ...,http://v.daum.net/v/20260415224039172
숏폼,"유백합, 유튜브 구독자 2000만 돌파…글로벌숏폼아이콘 입증",http://v.daum.net/v/20260401180055162
숏폼,사진=순이엔티 [스포츠투데이 김태형 기자]숏폼크리에이터 유백합이 유튜브 구독자 수 2000만 명을 돌파했다. 1일 글로벌숏폼비즈니스 기업 순이엔티는 전속 크리에이터 유백합의 유튜브 채널 '유백합 kkubi99' 구독자 수가 2000만 명을 돌파했다고 밝혔다...,http://v.daum.net/v/20260401180055162
숏폼,"""1시간 강의를 5분숏폼으로""…삼육대, '마이크로러닝' 도입",http://v.daum.net/v/20260414161750548
숏폼,"1과목 기준 15주 차 39차시로 운영되던 온라인 강의가 핵심 단위로 분리된 195차시의 모듈형 강의로 개편됐다. 대학 측은 고품질의숏폼콘텐츠 제작을 위해 터치스크린과 전자칠판, 대형 가상 합성 시스템 등을 갖춘 스튜디오 환경을 교수진에 제공하고 있다...",http://v.daum.net/v/20260414161750548
숏폼,"허현서, ‘숏폼부터 넷플릭스까지’ 플랫폼 넘나드는 전천후 신예",http://v.daum.net/v/20260328062301237
숏폼,"메리고라운드컴퍼니숏폼콘텐츠가 미디어 시장의 새로운 주류로 급부상한 지금, 허현서는 그 흐름의 중심에서 가장 가파른 성장 곡선을 그리는 배우다. 그는 1분 내외의 짧은 호흡 속에서 시청자를 매료시키는 강렬한 흡입력과 안정적인 연기력을 바탕으로,숏폼과...",http://v.daum.net/v/20260328062301237
숏폼,"LG이노텍, 대학생 유튜브숏폼광고 공모전 개최",http://v.daum.net/v/20260413110101214
숏폼,"로봇용 솔루션을 앞세워 피지컬 AI 시장 공략에 박차를 가하고 있다. 참가자들은 해당 주제를 바탕으로 LG이노텍을 알릴 수 있는 '숏폼'(1분 내외의 짧은 영상) 형식의 광고 영상을 제작한다. 영상 길이는 15초에서 최대 120초 이내, 해상도는 1080p(가로 1080, 세로...",http://v.daum.net/v/20260413110101214
숏폼,"LG이노텍, 대학생 대상 유튜브숏폼광고 공모전",http://v.daum.net/v/20260413141500976
숏폼,"로봇용 솔루션을 앞세워 피지컬 AI 시장 공략에 속도를 내고 있다. 참가자들은 해당 주제를 바탕으로 LG이노텍을 알리기 위한 ‘숏폼’ 형식의 광고 영상을 제작하면 된다. 길이는 15초에서 최대 120초 이내, 해상도는 1080p(가로 1080·세로 1920)의 세로형 영상...",http://v.daum.net/v/20260413141500976
숏폼,"밤부네트워크 신작 'D-100', 공개 첫날 글로벌숏폼플랫폼 차트 상위권 진입",http://v.daum.net/v/20260408113402338
숏폼,"1위, DramaBox 2위, ReelShort 4위, Vigloo 3위(‘D-100 남편을 리셋합니다’가 글로벌 주요 플랫폼 차트 상위권에 오른 모습)숏폼드라마 제작사 밤부네트워크(대표 송윤근·정다빈)의 신작 ‘D-100 : 남편을 리셋합니다’가 공개 첫날 다수의 글로벌 플랫폼 차트...",http://v.daum.net/v/20260408113402338
숏폼,[무법지대숏폼드라마]숏폼드라마 2030년 38조 시장....차세대 콘텐츠로 부상,http://v.daum.net/v/20260321234545977
숏폼,[그래픽=아주경제]숏폼드라마가 빠르게 확산되며 새로운 콘텐츠 시장으로 자리 잡고 있다. 이용자들의 콘텐츠 소비 방식 변화와 맞물리며 산업 규모도 가파르게 성장하는 흐름이다. 19일 시장조사업체 미디어파트너스아시아(MPA)에 따르면 지난 2024년 기준 글로벌...,http://v.daum.net/v/20260321234545977
숏폼,"LG이노텍, 2026 대학생 유튜브숏폼광고 공모전 개최",http://v.daum.net/v/20260413091301393
숏폼,"환경과 상호작용을 하며 자율적으로 인지∙판단∙행동하는 기술이다. 참가자들은 해당 주제를 바탕으로 LG이노텍을 알리기 위한 ‘숏폼’ 형식의 세로형 광고 영상을 제작하면 된다. 영상 길이는 15~120초, 해상도는 1080p(가로 1080, 세로 1920)이다. 이번 공모전은...",http://v.daum.net/v/20260413091301393
숏폼,"‘재벌녀’ 안이서,숏폼‘잔인한 상견례’ 악녀 캐릭터 열연",http://v.daum.net/v/20260402120836357
숏폼,잔인한 상견례’ 배우 안이서가 한층 더 독해진 악녀 캐릭터로 돌아와 또 한 번 강렬한 존재감을 드러낸다. 배우 안이서가 글로벌숏폼플랫폼 드라마박스(DramaBox)의 새 드라마 ‘잔인한 상견례’에 캐스팅됐다. ‘잔인한 상견례’는 대한민국 최고 재벌가의...,http://v.daum.net/v/20260402120836357
숏폼,숏폼보다 ‘홀린 듯 결제’…인플루언서 키우기 나선 유통가,http://v.daum.net/v/20260330173655198
숏폼,무신사 어필리에이트 마케팅 '무신사 큐레이터'가 추천 제품을 소개하는 예시 모습을 AI로 구현한 이미지. 무신사 제공 인스타그램숏폼영상을 내리다 취향에 맞는 제품을 발견하고 엑스(X·옛 트위터)에서 팔로우한 계정이 공유한 링크를 통해 결제 버튼을 누른다...,http://v.daum.net/v/20260330173655198
숏폼,친구 소식·숏폼이 자꾸…카카오톡 강제 노출 시끌 [재계톡톡],http://v.daum.net/v/20260406210309219
숏폼,다시 수정한 바 있다. 그러나 최근 들어 실행 후 첫 화면에 소식칩 페이지가 반복해서 표시된다는 것이다. 여기에 카카오톡 ‘숏폼’ 화면도 노출 빈도가 잦아졌다는 비판도 함께 나온다. 이런 상황에서 카카오가 일종의 ‘잠수함 패치’를 했다는 의문이 제기됐다...,http://v.daum.net/v/20260406210309219
숏폼,"김강재·지민서, 인기 BL숏폼‘야화첩’ 주연 발탁…레진스낵 공개",http://v.daum.net/v/20260407185825763
숏폼,"바로엔터테인먼트) 신예 배우 김강재와 지민서가 인기 BL ‘야화첩’ 주연으로 나선다. 7일 업계에 따르면 김강재와 지민서는숏폼드라마 ‘야화첩’의 주인공으로 발탁됐다. ‘야화첩’은 레진어워드 2023, 2024 대상 수상작인 동명 웹툰이 원작으로, 남색가로...",http://v.daum.net/v/20260407185825763
숏폼,코미디언 유재석이 이번에는숏폼드라마에 도전한다. MBC 제공 코미디언 유재석이 이번에는숏폼드라마에 도전한다. 이에 유재석 연출 데뷔작 ‘동생이 훔친 내 여자를 다시 뺏기로 했다’에 대한 기대감이 높아지고 있다. 오는 9일 방송되는 MBC ‘놀면 뭐하니...,http://v.daum.net/v/20260508134717904
숏폼,"LG이노텍, 대학생 대상 유튜브숏폼광고 공모전",http://v.daum.net/v/20260413113905195
숏폼,환경과 상호작용을 하며 자율적으로 인지·판단·행동하는 기술이다. 참가자들은 해당 주제를 바탕으로 LG이노텍을 알리기 위한 ‘숏폼’ 형식의 세로형 광고 영상을 제작하면 된다. 이번 공모전은 국내·외 대학교(원)에 재학 또는 휴학 중인 학생이라면 누구나...,http://v.daum.net/v/20260413113905195
숏폼,[무법지대숏폼드라마] SNS 파고든숏폼드라마…유사 성인물 논란에도 규제 공백,http://v.daum.net/v/20260321234512967
숏폼,인스타그램에 올라온숏폼드라마 홍보 영상 캡처 [사진=인스타그램 캡처] 자극적인 제목과 함께 속옷 차림의 남녀가 침대 위에서 몸싸움을 벌이는 영상이 나온다. 성인물 사이트 광고가 아니다. 10대 청소년들이 일상적으로 사용하는 인스타그램과 페이스북 타임...,http://v.daum.net/v/20260321234512967
숏폼,강수경 치어리더 '심쿵 애교로 남심 흔들'[엑's숏폼],http://v.daum.net/v/20260504081414936
숏폼,가족·돌봄 주제 '대국민 사진·숏폼영상 공모전' 열린다,http://v.daum.net/v/20260404060103675
숏폼,(자료=인구보건복지협회) 다음 달 초까지 가족·돌봄을 주제로 일반 국민이 참여하는 ‘사진·숏폼영상 공모전’이 열린다. 인구보건복지협회(인구협회)는 다음 달 6일까지 ‘제3회 대한민국 인구 페스티벌: 사진·숏봄영상 공모전’ 출품작을 접수한다고 4일 밝혔다...,http://v.daum.net/v/20260404060103675
숏폼,“출생 응원 사진·숏폼공모해요” 인구보건복지협 ‘인구페스티벌,http://v.daum.net/v/20260406183731137
숏폼,"인구보건복지협회(회장 김경선)는 저출생 반등 추세를 이어가기 위해 ‘제3회 대한민국 인구 페스티벌(2026):사진·숏폼영상 공모전’(포스터)을 개최한다. 지난해에 이어 3회째를 맞는 ‘대한민국 인구 페스티벌’은 국회 저출생·축소사회대응포럼, 저출산고령...",http://v.daum.net/v/20260406183731137
숏폼,"한 달에 452억 매출 ‘메이플 키우기’… 방치형 RPG,숏폼에 밀린 게임 구원투수로",http://v.daum.net/v/20260408164456133
숏폼,"방치형 RPG ‘스톤에이지 키우기’도 올 3월 매출이 142억원으로 순위권(6위)에 이름을 올렸다. 유튜브 쇼츠, 인스타그램 릴스 등숏폼(short-form·짧은 동영상) 콘텐츠가 모바일 게임의 최대 경쟁자로 부상하자, 게임사들이 부담 없이 즐길 수 있는 방치형 게임을...",http://v.daum.net/v/20260408164456133
숏폼,"“피지컬 AI가 만드는 미래”…LG이노텍, 대학생 유튜브숏폼광고 공모전 개최",http://v.daum.net/v/20260413085107467
숏폼,"환경과 상호작용을 하며 자율적으로 인지?판단?행동하는 기술이다. 참가자들은 해당 주제를 바탕으로 LG이노텍을 알리기 위한 ‘숏폼(Shortform)’ 형식의 광고 영상을 제작하면 된다. 영상 길이는 15초에서 최대 120초 이내, 해상도는 1080p(가로 1080, 세로 1920...",http://v.daum.net/v/20260413085107467
숏폼,"게임을 즐기며 포인트를 쌓고, 우대 등급에 따른 혜택을 받을 수 있다는 내용도 에피소드 안에 녹였다. 영상은 본편과 5개숏폼에피소드로 제작됐다. 구글플레이 코리아 유튜브 공식 채널에서 이날부터 볼 수 있다. 카리나 ""딱 말해, 나야 페이커야"" 사진=구글...",http://v.daum.net/v/20260515120223938
숏폼,"LG이노텍, MZ세대와 '숏폼'으로 소통···대학생 유튜브 광고 공모전 개최",http://v.daum.net/v/20260413083315906
숏폼,"하며 자율적으로 인지∙판단∙행동하는 기술을 콘텐츠로 쉽게 담아내려는 취지""라고 설명했다. 참가자들은 해당 주제를 바탕으로 '숏폼' 형식의 광고 영상을 제작하면 된다. 영상 길이는 15초에서 최대 120초 이내, 해상도는 1080p(가로 1080, 세로 1920)의 세로형...",http://v.daum.net/v/20260413083315906
숏폼,배우 고윤. 아이오케이이엔엠 제공. 배우 고윤이숏폼드라마 '불륜녀의 딸을 키웠다' 주인공으로 나선다. 고윤이 드라마박스의 쇼트폼드라마 '불륜녀의 딸을 키웠다'를 이끌 주연으로 캐스팅됐다. 그가 출연하는 '불륜녀의 딸을 키웠다'는 목숨처럼 서로를 소중히...,http://v.daum.net/v/20260513094044067
숏폼,이준익 감독도 세로형숏폼드라마 도전‥‘아버지의 집밥’ 올해 공개,http://v.daum.net/v/20260408172128962
숏폼,부천국제판타스틱영화제 '30초숏폼공모전' 개최,http://v.daum.net/v/20260331095821475
숏폼,BIFAN 30초숏폼공모전 안내문. 올해 30회 성년을 맞는 부천국제판타스틱영화제(BIFAN)가 시민들을 위해 특별히 기획한 '숏!폼! 판! BIFAN 30초숏폼공모전'을 개최한다고 31일 밝혔다.숏폼의 주제 및 소재는 숫자 '30'이다. 30초 이내의 짧은 이야기(크레딧...,http://v.daum.net/v/20260331095821475
숏폼,"'놀뭐' 고정 허경환, 양상국 호불호 논란 속 '숏폼드' 여장까지 '굳히기' [핫피플]",http://v.daum.net/v/20260510123113676
숏폼,놀면 뭐하니?'에서 여장까지 하며 고정 후 대활약을 펼쳤다. 지난 9일 방송된 MBC 예능 프로그램 '놀면 뭐하니?(약칭 놀뭐)'는 '숏폼드라마 찍어유' 편으로 꾸며졌다. 이에 유재석이 메가폰을 잡고 '동생이 훔친 내 여자를 다시 뺏기로 했다(약치 동훔내여다뺏)'를...,http://v.daum.net/v/20260510123113676
숏폼,"스튜디오 수려, 픽모어 오리지널숏폼드라마 ‘당신의 취향을 찾아드립니다’ 두 달 연속 1위",http://v.daum.net/v/20260330110606784
숏폼,(스튜디오 수려 제공) 스튜디오 수려가 제작한 오리지널숏폼드라마 ‘당신의 취향을 찾아드립니다’가 플랫폼 픽모어(Pickmore)에서 공개 이후 두 달 연속 1위를 기록하며 공개 3개월 차에 접어든 현재까지도 TOP 3를 유지하고 있다. 지난 12월숏폼드라마 플랫폼...,http://v.daum.net/v/20260330110606784
숏폼,“투표 독려·정책선거도 재밌게…” 전북선관위 ‘스타 공무원’ 박지수 주무관과숏폼선거홍보 [6·3의 선택],http://v.daum.net/v/20260409115126971
숏폼,전북도선거관리위원회가 제9회 전국동시지방선거를 앞두고숏폼콘텐츠를 활용한 선거 홍보에 본격 나섰다. 전북선관위는 군산시청 소속 ‘스타 공무원’ 박지수 주무관과 협업해 선거 홍보 영상을 제작해 공식 사회관계망서비스(SNS) 채널을 통해 차례대로 게시...,http://v.daum.net/v/20260409115126971
숏폼,"네이버, ‘숏폼’ 넘어 고품질 지식 데이터로 승부수⋯EBS와 ‘영상 AI’ 동맹",http://v.daum.net/v/20260407144006228
숏폼,깊이 있게 이해할 수 있도록 지원할 예정이다. 이번 협업은 네이버 영상 전략의 중대한 변곡점으로 해석된다. 그간 네이버는숏폼서비스 ‘클립(Clip)’ 크리에이터를 대거 모집하며 영상 소스 확보에 열을 올렸다. 그러나 클립이 일반 사용자 중심의 방대한 데이터...,http://v.daum.net/v/20260407144006228
숏폼,츄 '광화문광장에 등장한 인간비타민'[엑's숏폼],http://v.daum.net/v/20260505091332708
숏폼,“1분짜리 영상 올리면 200만원”...노동부·매경 ‘산재예방숏폼공모전’,http://v.daum.net/v/20260401091801353
숏폼,"산재 예방 아이디어숏폼영상 공모전. 정부가 매일경제신문사와 손잡고 산업재해 예방을 위한 국민 참여형 아이디어 발굴에 나선다. 고용노동부는 매일경제신문사, 한국산업안전보건공단과 함께 ‘산재예방 아이디어숏폼영상 공모전’을 개최한다고 1일 밝혔다...",http://v.daum.net/v/20260401091801353
숏폼,"방탄소년단,숏폼다큐로 전한 위대한 가치",http://v.daum.net/v/20260407171002965
숏폼,아이즈 ize 한수진 기자 방탄소년단 / 사진=빅히트 뮤직 보이그룹 방탄소년단(BTS)이 정규 5집 타이틀곡의 메시지를 확장한 특별한숏폼미니 다큐멘터리 'KEEP SWIMMING with BTS'(킵 스위밍 위드 BTS)를 공개했다. 이 프로젝트는 방탄소년단의 정규 5집 '아리랑'의...,http://v.daum.net/v/20260407171002965
숏폼,"더해리미디어, 중국 국가광전총국 K-숏폼드라마 제작 심의 통과",http://v.daum.net/v/20260326104802210
숏폼,"더해리미디어, 중국 국가광전총국 K-숏폼드라마 제작 심의 통과 (제공: 더해리미디어) 더해리미디어가 중국 현지 법인 성요하리미디어를 통해 한국 콘텐츠 기업 최초로 중국 국가광파전시총국의 K-숏폼드라마 제작 심의를 통과하며 업계의 이목을 집중시키고 있다...",http://v.daum.net/v/20260326104802210
숏폼,"노동부, 산재예방숏폼공모전 개최…최우수상 200만원",http://v.daum.net/v/20260401060128539
숏폼,"공모전 포스터. ⓒ고용노동부 고용노동부가 한국산업안전보건공단, 매일경제신문사와 함께 산재예방 아이디어숏폼영상 공모전을 1일부터 다음달 15일까지 개최한다. 이번 공모전은 노동자·사업주·청소년 등 국민 누구나 참여할 수 있다. 안전한 일터 조성에 관한...",http://v.daum.net/v/20260401060128539
숏폼,"[K뷰티인사이드]④숏폼, 오프라인 깨다…글로벌 마케팅 속도전",http://v.daum.net/v/20260324091148467
숏폼,"/이미지 제작=구글제미나이숏폼영상 하나가 오프라인 매장 수백 곳의 문을 연다. 틱톡이 검색엔진이자 커머스 플랫폼으로 진화하면서 화장품 시장의 글로벌 마케팅 공식이 바뀌고 있다. 빠르게 콘텐츠를 만들고, 반응 데이터를 즉각 제품과 마케팅에 반영하는 것...",http://v.daum.net/v/20260324091148467
숏폼,‘코미디숏리그’ 이용진·황제성·곽범 출격 (제공: 티빙) 티빙이숏폼코미디 시장 공략에 본격 나선다. 티빙은 오는 6월 1일 오전 8시 티빙 오리지널 예능 ‘코미디숏리그’를 공개한다. ‘코미디숏리그’는 티빙이 선보이는숏폼코미디 예능. 콘텐츠는 12주...,http://v.daum.net/v/20260507093510675
숏폼,"“올 봄, 구리에 꽃히다”…구리시숏폼공모전 개최",http://v.daum.net/v/20260403103125916
숏폼,"구리시는 ‘2026 구리시숏폼영상 공모전 「올봄, 구리에 꽃히다」’ 접수를 오는 30일까지 진행한다. 구리시 제공 구리=김준구 기자 경기 구리시는 ‘2026 구리시숏폼영상 공모전 「올봄, 구리에 꽃히다」’ 접수를 오는 30일까지 진행한다고 3일 밝혔다. 올해...",http://v.daum.net/v/20260403103125916
숏폼,"숏폼찍고 면접수당 공약…전현희, 청년 파고드는 까닭은 [런치정치]",http://v.daum.net/v/20260402143501373
숏폼,"영상', '친구가 우울할 때 웃게하는 꿀팁', '대문자 I 정치인이 기자회견 나가기 전 꼭하는 의식' 등 유행하는 컨셉을 따라 만든숏폼영상들도 다수 올라와 있습니다. 전 의원이 최신 트렌드를 적극 따라잡고 활용하는 이유는 뭘까요. ""청년 이해하려 최신 트렌드...",http://v.daum.net/v/20260402143501373
숏폼,"시장을 중심으로 방송·OTT 콘텐츠의 거래와 협업을 촉진하는 국제 B2B 콘텐츠 마켓이다. 양사는 이번 MOU를 통해 영화와 드라마,숏폼드라마 등 콘텐츠 공동 기획·제작과 함께 러시아 및 CIS 시장 유통 협력을 추진할 계획이다. 스튜디오타겟은 이를 기반으로...",http://v.daum.net/v/20260515100004156
숏폼,"숏폼영상공모전 '올봄, 구리에 꽃히다'…총상금 300만원",http://v.daum.net/v/20260403100546748
숏폼,"[구리=뉴시스]숏폼영상 공모전 '올봄, 구리에 꽃히다' 개최 안내. (사진=구리시 제공) 2026.04.03. photo@newsis.com *재판매 및 DB 금지 [구리=뉴시스]이호진 기자 = 경기 구리시는 처음 개최되는 장자호수 벚꽃마실 축제를 기념해 구리시의 봄꽃을 주제로 한숏...",http://v.daum.net/v/20260403100546748
숏폼,"장근석, 감독 서바이벌 ‘디렉터스 아레나’ 합류 “숏폼드라마에 관심”[공식]",http://v.daum.net/v/20260325160502538
숏폼,알린 장근석의 반가운 소식이다. ‘디렉터스 아레나’는 차세대 연출자를 발굴하기 위해 기획된 감독 서바이벌 예능. 급성장 중인숏폼드라마 시장을 무대로 공모를 통해 선발된 연출자들이 직접 제작한숏드라마를 출품해 서바이벌 방식으로 경쟁하는 프로그램으로...,http://v.daum.net/v/20260325160502538
숏폼,"태안군, 60초의 매력 '2026 관광홍보숏폼영상 공모전' 개최",http://v.daum.net/v/20260329114940731
숏폼,태안군이 '2026 태안 방문의 해'를 맞아 태안만의 차별화된 관광 자원을 널리 알리기 위해 관광 홍보숏폼영상 공모전을 개최한다.(사진=태안군 제공) 태안군이 '2026 태안 방문의 해'를 맞아 태안만의 차별화된 관광 자원을 널리 알리기 위해 관광 홍보숏폼영상...,http://v.daum.net/v/20260329114940731
숏폼,"롯데홈쇼핑 ‘벨리곰’, 웹툰·숏폼타고 글로벌 진출",http://v.daum.net/v/20260330113549474
숏폼,"벨리곰숏폼·웹툰 이미지 [롯데홈쇼핑 제공] 롯데홈쇼핑 자체 캐릭터 ‘벨리곰’이 데뷔 8년차를 맞아 글로벌 진출을 확대하고, 웹툰·숏폼등 스토리형 콘텐츠 IP로 진화한다. 벨리곰 관련 매출은 2022년 60억원에서 2024년 200억원으로 3배 이상 늘었다. 현재...",http://v.daum.net/v/20260330113549474
숏폼,"영상은 지루해요” (30대 직장인 김모씨) “긴 영상은 무조건 2배속으로 봐야 해요.” (28세 직장인 홍모씨) 15~60초짜리 영상 ‘숏폼’이 콘텐츠 시장의 대세로 자리 잡은 가운데,숏폼제작에 특화된 카메라까지 등장했다. 바로 캐논코리아가 오는 6월 국내에 출시...",http://v.daum.net/v/20260514164156263
숏폼,[알립니다] 산재예방 아이디어 '숏폼' 공모합니다,http://v.daum.net/v/20260401175103705
숏폼,매일경제신문이 고용노동부·한국산업안전보건공단과 공동으로 '산재예방 아이디어숏폼영상 공모전'을 개최합니다. 안전하고 건강한 일터를 만들기 위한 창의적인 아이디어를 '1분숏폼' 영상으로 제안하면 됩니다. 주제는 △축사·지붕 공사 등 떨어짐 사고 예방...,http://v.daum.net/v/20260401175103705
숏폼,"7인에 들 수 있는 연출력으로 ‘크리스토퍼 많이 놀란’ 감독으로 데뷔할 수 있도록 노력하겠다”고 말했다. ‘디렉터스아레나’는숏폼콘텐츠 시대에 맞춰 새로운 영상 창작자 발굴과숏드라마 시장 활성화를 목표로 기획된 프로그램으로, 다양한 분야의 참가자들...",http://v.daum.net/v/20260508162452262
숏폼,"“자신만의 속도로 유영”…방탄소년단,숏폼미니 다큐 속 삶의 의지를 담다",http://v.daum.net/v/20260407172103461
숏폼,방탄소년단(BTS)이 정규 5집 ‘아리랑(ARIRANG)’의 타이틀곡 ‘SWIM’에 담긴 철학을 시각화한숏폼다큐멘터리 ‘KEEP SWIMMING with BTS’를 선보이며 대중에게 묵직한 울림을 선사하고 있다. 이번 프로젝트는 정규 5집 ‘아리랑’(ARIRANG) 타이틀곡 ‘SWIM’의...,http://v.daum.net/v/20260407172103461
숏폼,"""숏폼처럼 가볍게 즐겨주세요""…몬길 스타다이브, 15일 출시",http://v.daum.net/v/20260410100004352
숏폼,"배속으로 보는 시대라서 게임을 할 때 내용을 즉각 파악할 수 있으면서도 빠르게 넘길 수 있도록 하는데 집중했다""라면서 ""숏폼드라마에 가까운 전개로 게임을 만들었고, 시간 많이 들이지 않아도 몰입할 수 있게 했다""라고 했습니다. 이어 ""선택과 집중에 주목했고...",http://v.daum.net/v/20260410100004352
숏폼,"부천국제판타스틱영화제, 30초숏폼공모전 개최",http://v.daum.net/v/20260330150304523
숏폼,시청 및 3개 구청 그리고 37개 동 행정복지센터 홈페이지에 게시할 예정이다. 작품 출품은 5월 1부터 5월 30일까지 BIFAN 홈페이지의숏폼공모전 페이지를 통해 하면 된다. 심사를 거쳐 선정한 본선 진출작 30편은 BIFAN 홈페이에서 6월 30일에 발표할 예정이다...,http://v.daum.net/v/20260330150304523
숏폼,"식빵언니 김연경, 잘생쁨 비주얼에 압도적 피지컬 [엑's숏폼]",http://v.daum.net/v/20260429205617174
숏폼,제3회 대한민국 인구 페스티벌 ‘사진·숏폼영상 공모전’,http://v.daum.net/v/20260402154141357
숏폼,인구보건복지협회는 국회 저출생 축소사회 대응 포럼과 저출산고령사회위원회 공동주최로 제3회 대한민국 인구 페스티벌 '사진·숏폼영상 공모전'을 개최한다. 사진=인구보건복지협회 제공 인구보건복지협회는 국회 저출생 축소사회 대응 포럼과 저출산고령사회...,http://v.daum.net/v/20260402154141357
숏폼,"윤지성,숏폼드라마 ‘연애수업’ 세나 역 출연",http://v.daum.net/v/20260327062501299
숏폼,"배우 윤지성 S&A엔터테인먼트 제공 배우 윤지성이숏폼드라마 ‘연애수업’에 출연했다. S&A엔터테인먼트는 윤지성이숏폼드라마 ‘연애수업’에서 세나 역으로 출연한다고 전했다. ‘연애수업’은 과거의 인연과 복수, 사랑이 뒤엉키며 벌어지는 이야기를 담은숏...",http://v.daum.net/v/20260327062501299
숏폼,"부산시장 선거 SNS 전략, '지키는 페북' vs '알리는숏폼'",http://v.daum.net/v/20260321010150432
숏폼,"국회의원과 박형준 부산시장 등 유력 주자들이 페이스북 중심의 메시지 정치에 집중하는 반면, 이재성·주진우·정이한 예비후보는숏폼영상과 다양한 플랫폼을 활용해 인지도 확장에 나서면서 ‘온라인 선거 전략’이 양분되는 양상이다. 21일 전 의원과 박 시장에...",http://v.daum.net/v/20260321010150432
숏폼,"태안군, 누구나 도전 ... ""60초 관광홍보숏폼영상 공모전"" 개최",http://v.daum.net/v/20260330063006589
숏폼,▲숏폼영상 공모전 홍보 포스터. /사진-태안군 ▲지난해 수상작 및 원예치유박람회 홍보숏폼스크린샷. /사진-태안군 [투어코리아=류석만 기자] 충남 태안군이 '2026 태안 방문의 해'와 연계해 감각적이고 독창적인 관광 홍보 콘텐츠를 발굴하기 위한 '관광홍보숏...,http://v.daum.net/v/20260330063006589
숏폼,"CIX 현석, ‘마이리틀셰프’ CIX 현석이숏폼드라마 ‘마이리틀셰프’에서 순수함과 집착을 오가는 반전 캐릭터를 완성하며 배우로서 존재감을 드러냈다. ‘마이리틀셰프’는 게임 원작 기반의 긴장감 있는 서사와 배우들의 몰입도 높은 연기로 주목받고 있다. 현석...",http://v.daum.net/v/20260515075817816
숏폼,"방탄소년단,숏폼미니 다큐 공개…박찬욱 감독 출연",http://v.daum.net/v/20260407181605561
숏폼,[이데일리 스타in 김현식 기자] 그룹 방탄소년단(BTS)이 영화감독 박찬욱과 패션 디자이너 노라 노가 참여한숏폼미니 다큐멘터리 ‘킵 스위밍 위드 BTS’(KEEP SWIMMING with BTS)를 선보였다. (사진=빅히트뮤직) ‘킵 스위밍 위드 BTS’는 정규 5집 ‘아리랑...,http://v.daum.net/v/20260407181605561
숏폼,"'장카설' 엔믹스(NMIXX) 설윤, 움직이는 인형[엑's숏폼]",http://v.daum.net/v/20260430114333512
숏폼,누적되면 해당 작품은 탈락하게 된다. 실제 스마트폰 시청자들이 흥미를 느끼지 못할 경우 곧바로 다음 영상으로 넘겨버리는숏폼소비 패턴에 착안한 방식이다. 짧은 시간 안에 시청자의 시선을 붙잡지 못하면 살아남기 어려운숏드라마 시장의 현실을 프로그램 룰...,http://v.daum.net/v/20260515053217471
숏폼,서브컬처 전성시대…넷마블 '몬길: 스타 다이브' 최대 경쟁자는 '숏폼'[인터뷰],http://v.daum.net/v/20260410100125419
숏폼,"게임대상을 수상하기도 했다. 프로젝트 초기부터 가장 큰 경쟁자는 다른 게임이 아니었다. 오히려 이용자의 시간을 나눠 갖는숏폼같은 콘텐츠였다. 김 대표는 ""예전에는 지하철만 타도 게임을 하는 사람들이 많았지만 지금은 그렇지 않다""며 ""게임이 아닌 다른...",http://v.daum.net/v/20260410100125419
숏폼,"김해시도시개발공사, 제2기 김해시 도시재생 해피업숏폼서포터즈 발대식",http://v.daum.net/v/20260406161039629
숏폼,"김해시도시개발공사가 2일'제2기 김해시 도시재생 해피업(UP)숏폼서포터즈' 발대식을 했다. 발대식에서는 선발된 서포터즈 8명에게 도시재생 사업 소개와 서포터즈 활동 안내, 스마트폰 촬영 기초, 영상 편집 기초, 저작권 교육 등을 진행했다. 해피업(UP)숏폼...",http://v.daum.net/v/20260406161039629
숏폼,숏폼시대의 역설…'롱폼'으로 회귀하는 웹 예능,http://v.daum.net/v/20260328101200326
숏폼,"웹예능 '핑계고' 방송화면 일부 [뜬뜬 유튜브 채널 갈무리. 재판매 및 DB 금지] (서울=연합뉴스) 고가혜 기자 = '30초의 미학'숏폼(Short-form)이 콘텐츠 시장을 점령한 요즘, 정작 유튜브 인기 급상승 차트 상단은 1시간이 훌쩍 넘는 '롱폼'(Long-form) 예능들이...",http://v.daum.net/v/20260328101200326
숏폼,"강권종 연동갑 예비후보 ""4.3숏폼.웹툰 제작 지원 근거 마련""",http://v.daum.net/v/20260402180026616
숏폼,"연동갑선거구에 출마한 더불어민주당 강권종 예비후보는 ""4·3의 가치와 정신을 쉽게 이해하고 널리 공유할 수 있도록 4·3 관련숏폼, 웹툰, 굿즈 제작을 지원할 수 있는 근거를 마련하겠다""고 밝혔다. 제주특별자치도는 지난해 3월부터 시행되고 있는 '4·3 도민...",http://v.daum.net/v/20260402180026616
숏폼,"""빠져들면 못 헤어나와""…1분짜리 中 '숏폼드라마' 뭐길래",http://v.daum.net/v/20260420084704376
숏폼,"‘8년차’ 롯데홈쇼핑 벨리곰, 웹툰·숏폼타고 세계로 간다",http://v.daum.net/v/20260330080206903
숏폼,"벨리곰숏폼·웹툰 이미지 [롯데홈쇼핑 제공] [헤럴드경제=박연수 기자] 롯데홈쇼핑 자체 캐릭터 ‘벨리곰’이 데뷔 8년차를 맞아 글로벌 진출을 확대하고, 웹툰·숏폼등 스토리형 콘텐츠 IP로 진화한다. 벨리곰 관련 매출은 2022년 60억원에서 2024년 200억원으로...",http://v.daum.net/v/20260330080206903
숏폼,"청소년 도박의 위험성을 알리고, 청소년의 시각에서 창의적 예방메시지를 발굴하기 위해 기획됐다. 지난달 19일까지 약 한 달간숏폼영상 253점, 포스터 293점, 웹툰 59점, 모두 605점의 작품이 접수됐다. 올해는 청소년들이 선호하는숏폼영상 부문의 참여가...",http://v.daum.net/v/20260514174154154
숏폼,"영상에는 '스트리트', '자동차', '스토어', '레스토랑', '세트' 등 총 5편으로 구성됐다. /시몬스 유튜브 갈무리 ◆ 젠지 겨냥한숏폼전략…3년 연속 매출 1위 수성 이러한 전개 방식은 젠지(Gen-Z) 세대의 소비 성향과도 부합했다. 소비자들은 ""광고가 아닌 한 편...",http://v.daum.net/v/20260515101111796
숏폼,"이현소,숏폼드라마 ‘연애수업’ 조선시대 남자 유겸 역 출연",http://v.daum.net/v/20260327054803668
숏폼,"마스크스튜디오 배우 이현소가숏폼로맨스 드라마 ‘연애수업’에 출연한다. 소속사 마스크스튜디오는 이현소가숏폼드라마 ‘연애수업’에서 ‘유겸’ 역으로 출연한다고 26일 전했다. ‘연애수업’은 과거의 인연과 복수, 사랑이 뒤엉키며 벌어지는 이야기를...",http://v.daum.net/v/20260327054803668
숏폼,"이현소, 조선 최고 매력男…숏폼드라마 ‘연애수업’ 출연",http://v.daum.net/v/20260326164402742
숏폼,"마스크스튜디오 제공 [OSEN=장우영 기자] 배우 이현소가숏폼로맨스 드라마 ‘연애수업’에 출연한다. 26일 마스크스튜디오는 배우 이현소가숏폼드라마 ‘연애수업’에서 ‘유겸’ 역으로 출연한다고 밝혔다. ‘연애수업’은 과거의 인연과 복수, 사랑이 뒤엉키며...",http://v.daum.net/v/20260326164402742
숏폼,"'숏폼이 일상화' 고교생 30.6% ""10분 이상 긴 글 읽기 힘들다""",http://v.daum.net/v/20260318083825512
숏폼,고등학생 3명 중 1명은 긴 글을 10분 이상 집중해서 읽는 데 어려움을 느끼는 것으로 나타났다. 짧은 영상 중심의 '숏폼(Short-form)' 이용이 일상화되면서 청소년들의 독서 집중 습관에도 영향을 미치고 있는 것으로 분석된다. 게티이미지 18일 입시정보업체 진학사...,http://v.daum.net/v/20260318083825512
숏폼,"스타트뷰, AI 기반숏폼마케팅 기술력 인정받아 '벤처기업 인증' 획득",http://v.daum.net/v/20260325074002099
숏폼,"뷰(대표 이기훈)가 중소벤처기업부로부터 '혁신성장유형' 벤처기업 인증을 획득했다고 밝혔다. 이번 인증은 스타트뷰의 AI 기반숏폼마케팅 솔루션이 기술력과 사업화 역량, 성장 가능성을 공식적으로 인정받았다는 점에서 의미가 있다. 스타트뷰는숏폼콘텐츠...",http://v.daum.net/v/20260325074002099
숏폼,"숏폼시대, 고령자의 뇌를 보호하는 습관",http://v.daum.net/v/20260416142408270
숏폼,"(지디넷코리아=박희범 기자)인공지능(AI) 기반 영상 자동화 기술에 대한 관심이 늘고 있다. 단순숏폼제작을 넘어, 실제 제작 워크플로우에 AI 기술을 적용하려는 움직임도 점차 구체화되는 분위기다. 클라우다이크는 지난 12일부터 15일까지 방송·미디어 전시회...",http://v.daum.net/v/20260514100153109
숏폼,과천 '시 승격 40주년' 기념숏폼공모전서 '캡틴과천' 대상,http://v.daum.net/v/20260402160226553
숏폼,"과천시청 전경.(과천시 제공) (과천=뉴스1) 유재규 기자 = 경기 과천시가 시 승격 40주년을 맞이해 기획한 '숏폼공모전'에서 총 7편의 수상작을 선정했다고 2일 밝혔다. 시에 따르면 대상은 김우민 씨의 '캡틴과천, 과천 승격 40년'이 선정됐다. 해당숏폼은 지구를...",http://v.daum.net/v/20260402160226553
숏폼,"태안군, 60초의 매력 '2026 관광홍보숏폼영상 공모전' 개최",http://v.daum.net/v/20260329170228246
숏폼,숏폼공모전 홍보물. [태안]태안군이 '2026 태안 방문의 해'와 연계해 감각적이고 독창적인 관광 홍보 콘텐츠를 발굴하기 위한 '관광홍보숏폼영상 공모전'을 개최하고 4월 1일부터 상반기 참가자 모집에 나선다. 군은 태안만의 차별화된 관광 자원을 널리 알리기...,http://v.daum.net/v/20260329170228246
숏폼,숏폼ㆍ포스터ㆍ웹툰 등 605점 접수…청소년 시각 담은 예방 메시지 발굴 신봉고 정의림ㆍ용호고 양다연ㆍ경주디자인고 최가현 학생 등 대상 수상 수상작은 향후 도박 문제 인식 개선 위한 캠페인 자료로 활용 예정 강원랜드는 14일 서울 뚝섬 한강공원에서 ‘제2...,http://v.daum.net/v/20260514154404114
숏폼,"망고 자몽 요거빙', '연유 수박 팥빙', '솔티즈 쿨 리치' 등 여름 시즌 메뉴도 함께 선보였으며 이달 19일 김원훈과 협업한 마지막숏폼영상 ‘갈증해소편’을 공개할 예정이다. 컴포즈커피 관계자는 ""소비자들의 성원에 힘입어 다시 선보인 논산에서 온 수박 주스...",http://v.daum.net/v/20260515082509393
숏폼,고난도”라며 “에너지를 고농축으로 꾹꾹 눌러 담았다”고 강조했다. ’고자극‘ 음악과 퍼포먼스의 조합. ’잇츠 미‘는 최근숏폼중심 소비 환경에서 선호되는 이른바 ’도파민형 K팝‘ 흐름과 맞닿아 있는 곡이다. 이 곡은 중독성 강한 후렴과 직관적인 포인트...,http://v.daum.net/v/20260515061715390
숏폼,"10초숏폼에 '깔깔', 10분 독서는 '쩔쩔'",http://v.daum.net/v/20260318150802630
숏폼,[이데일리 김응열 안치영 기자] “유튜브의 쇼츠나 인스타그램의 릴스 등 짧은 동영상(숏폼)에 중독된 학생들의 독서방식이 대충 훑는 ‘얕은 읽기’로 변화한 게 문제입니다.” 이순영 고려대 국어교육과 교수는 18일 이데일리와의 인터뷰에서 학생들의 문해력 저하...,http://v.daum.net/v/20260318150802630
숏폼,‘숏폼중독’ 초중등생 문해력 높일 방안 적극 마련해야[사설],http://v.daum.net/v/20260403115603015
숏폼,"숏폼콘텐츠와 SNS 중독으로 초중등생 문해력(文解力) 저하가 갈수록 심각해지는 상황에서, 대통령 직속 국가교육위원회의 ‘문해력 특별위원회’가 독서·글쓰기와 함께 초등 교과서 한자 병기를 포함한 한자 교육 등에 대해 논의할 예정이라고 한다. 문해력은 글을...",http://v.daum.net/v/20260403115603015
숏폼,"네오리진 ""국내 최초숏폼드라마 플랫폼 '탑릴스' 지분 양도 완료""",http://v.daum.net/v/20260323100146678
숏폼,네오리진은 국내 최초의숏폼드라마 콘텐츠 플랫폼 ‘탑릴스’를 운영하는 넥스버스의 주식 18만주를 지난 19일 자코타게임앤릴스에 양도했다고 23일 밝혔다. 앞서 네오리진은 넥스버스 주식 18만주에 대한 대가로 ‘크리스프모멘텀Inc’ 주식 1억4000만주 가량을...,http://v.daum.net/v/20260323100146678
숏폼,"'요즘 대세' 코르티스, 성수동에 등장한 영크크 [엑's숏폼]",http://v.daum.net/v/20260428142702933
숏폼,전은비 치어리더 '깜찍 요정의 정확한 시구'[엑's숏폼],http://v.daum.net/v/20260429152020580
숏폼,"카카오픽코마(대표이사 김재용)가 일본에서 운영 중인 전자만화·소설 플랫폼 픽코마에숏폼애니메이션 전용 ANIME 카테고리를 신설한다고 7일 밝혔다. 실제로 신종환 카카오 최고재무책임자(CFO)는 같은 날 1분기 실적발표 컨퍼런스콜에서 ""지난해 말 인기 IP 굿즈...",http://v.daum.net/v/20260513123600627
숏폼,[알립니다] 제34회 대구경북 환경사랑 글짓기·그림·숏폼공모전,http://v.daum.net/v/20260331144034512
숏폼,제34회 대구경북 환경사랑 공모전 포스터. 삼성전자와 매일신문이 공동 주최하는 제34회 대구경북 환경사랑 글짓기·그림·숏폼공모전이 4월 1일~4월 30일 진행됩니다. 대구경북 초등학교에 재학 중인 학생은 누구나 응모 가능합니다. 환경을 사랑하는 초등학생들의...,http://v.daum.net/v/20260331144034512
숏폼,"내 10위권까지 치솟았고, 스포티파이 글로벌 '톱 송 데뷔' 차트와 애플뮤직 글로벌 차트에서도 존재감을 드러냈다. 틱톡과 릴스 등숏폼플랫폼에서도 챌린지 열풍이 이어지며 화제성을 키우고 있다. 무엇보다 이번 컴백이 의미 있는 이유는 단순한 '콘셉트 변화...",http://v.daum.net/v/20260515101515988
숏폼,"""20대 약혼녀 보고 입맛 다시는 9살 소년""…숏폼드라마 속 아역 배우 '경악'",http://v.daum.net/v/20260326143727610
숏폼,"중국숏폼드라마에서 아역 배우가 성인 연기를 강요 받아 논란이 되고 있다./사우스차이나모닝포스트(SCMP) 캡처 [마이데일리 = 서기찬 기자] 최근 중국의숏폼드라마 시장이 급격히 팽창하는 가운데, 아역 배우들에게 부적절한 성인 연기를 강요하는 제작 관행이...",http://v.daum.net/v/20260326143727610
숏폼,187조 ‘세로 화면’의 습격… K-엔터 ‘숏폼’으로 판 다시 짠다 [엔터뷰],http://v.daum.net/v/20260320061437181
숏폼,"니즈 정조준, 글로벌 플랫폼 주도권 경쟁 점화 글로벌 시장조사 기관 리서치앤마켓에 따르면, 2021년 60조 원에서 출발한 글로벌숏폼시장은 2026년 현재 187조 원 규모에 육박하며 폭발적인 성장을 기록 중이다. 방송통신위원회 ‘2025 방송매체 이용행태조사...",http://v.daum.net/v/20260320061437181
숏폼,결정했다. 출시 직후 판매 속도가 빨라지면서 여름철 대표 시즌 메뉴로 자리 잡는 모습이다. 컴포즈커피는 제품 판매와 함께숏폼콘텐츠를 활용한 마케팅도 진행하고 있다. 15일 개그맨 김원훈과 협업한 코믹숏시리즈 두 번째 영상 논산훈련편을 공개했다. 군대...,http://v.daum.net/v/20260515085619246
숏폼,커머스 품는숏폼…10명 중 3명은 산다,http://v.daum.net/v/20260318154501022
숏폼,거리가 줄어들면서 별도의 검색이나 비교 없이 시청이 소비로 이어진다. 매출에서 커머스의 비중이 높아진 네이버와 카카오는 각각숏폼콘텐츠를 자체 생태계와 연결하는데 주력한다. 한국콘텐츠진흥원이 전국 만 10세 이상 일반 국민 6545명을 대상으로 조사한...,http://v.daum.net/v/20260318154501022
숏폼,[게시판] '안전한 일터 조성' 현장 노하우 담은숏폼영상 공모,http://v.daum.net/v/20260401060200631
숏폼,"[노동부 제공. 재판매 및 DB 금지] ▲ 고용노동부와 한국산업안전보건공단, 매일경제신문사는 '산재예방 아이디어숏폼영상 공모전'을 1일부터 내달 15일까지 개최한다. 이번 공모전은 안전한 일터 조성에 관한 현장의 노하우와 우수사례, 아이디어를 발굴하기 위한...",http://v.daum.net/v/20260401060200631
숏폼,"전설적인 아티스트의 대표곡은 전기 영화의 흥행과 함께 다시 소비되고 있다. 여기에 기존 곡을 새롭게 해석한 리믹스 버전까지숏폼을 중심으로 유행, 글로벌 차트에서 상승세를 타며 음악 시장의 새로운 소비 방식을 보여주는 중이다. 저스틴 비버는 올해 '코첼라...",http://v.daum.net/v/20260515120206905
숏폼,제3회 대한민국 인구페스티벌…돌봄 주제 사진·숏폼공모전,http://v.daum.net/v/20260401103629151
숏폼,기자 = 인구보건복지협회는 5월 6일까지 제3회 대한민국 인구 페스티벌을 개최한다고 1일 밝혔다. 올해 페스티벌은 사진(개인)·숏폼영상(개인 또는 3인 이하 팀) 등 2개 분야로 나뉘어 진행되며 대한민국 국민이라면 누구나 참여할 수 있다. 사진 분야 주제는...,http://v.daum.net/v/20260401103629151
숏폼,숏폼으로 보이스피싱 예방… 대구대 웹툰영상애니메이션학부-대구동부경찰서 맞손,http://v.daum.net/v/20260406161222729
숏폼,기획 및 제작을 담당한다. 1학년 영상 수업과 고학년 숏툰 수업을 연계해 학생들은 뉴미디어 환경에서 쉽게 소비할 수 있는 숏툰·숏폼·유튜브 영상 등을 자유 형식으로 제작하게 된다. 학생들이 제작한 우수 홍보 콘텐츠는 오는 6월 대구동부경찰서 온·오프라인...,http://v.daum.net/v/20260406161222729
숏폼,KBO리그는 현재 한국 넘버원 스포츠 콘텐츠다. 허구연 총재는 이와 같은 현상은 2년 전 뉴미디어중계권 사업자를 선정하며 야구 관련숏폼(짧은 동영상)을 모든 팬이 활용할 수 있도록 계약 조건을 넣은 게 큰 역할을 했다고 판단했다. 특히 여성·젊은층 팬이...,http://v.daum.net/v/20260515112206270
숏폼,"“10분도 집중 못 해”…숏폼익숙한 아이들, 수능 지문이 안 읽힌다",http://v.daum.net/v/20260318145901051
숏폼,"짧은 영상 중심의 ‘숏폼(Short-form)’ 이용이 일상화되면서 고등학생 10명 중 3명이 긴 글을 10분 이상 집중해서 읽는 데 어려움을 겪고 있는 것으로 나타났다. 18일 진학사가 고등학생 3525명을 대상으로숏폼시청 습관과 학습 집중 경험 조사한 결과, 고교생...",http://v.daum.net/v/20260318145901051
숏폼,"최유빈, 특별 매력 빛냈다!숏폼드라마 '연애수업' 출격",http://v.daum.net/v/20260326101403215
숏폼,"배우 최유빈이숏폼드라마 '연애수업'으로 새로운 매력을 뽐낸다. 최유빈은 지난 25일 오후 6시 글로벌 플랫폼 드라마웨이브, 릴숏, 드라마박스, 굿숏, 그리고 인도네시아 순샷 등을 통해 공개된 '연애수업'에 등장, 전 세계 시청자들과 인사를 나눴다. '연애수업...",http://v.daum.net/v/20260326101403215
숏폼,"""경쟁자는숏폼"" 말까지 나오더니…'29초' 파격게임 등장 [테크로그]",http://v.daum.net/v/20260321144656772
숏폼,IP) 타이틀 중 최초로 글로벌 사전 등록자 300만명을 돌파하며 역대 시리즈 중 가장 뜨거운 관심을 받고 있다. '가벼움' 쫓는 이유…숏폼의 여가 지배 사진=게티이미지뱅크 게임사들이 이 같은 '가벼움'에 집착하는 배경에는 이용자 급감이라는 현실도 있다. 한국...,http://v.daum.net/v/20260321144656772
숏폼,"'고양이 귀요?' 세븐틴 민규, 데뷔 12년 차에도 애교는 어려워 [엑's숏폼]",http://v.daum.net/v/20260430070214980
숏폼,"놀이공원 등 가족형 체험 코스를 결합해 '신앙과 휴양'을 아우르는 새로운 관광 모델을 제시했다. 충남도는 멜라이의 브이로그와숏폼콘텐츠가 현지에 전파되면 폭발적인 홍보 효과가 나타날 것으로 기대하고 있다. 2,100만 팔로워라는 강력한 팬덤이 단순한 인지도...",http://v.daum.net/v/20260515115938754
숏폼,'60초 한 컷 100만원'…태안숏폼영상 공모전 4~5월 개최,http://v.daum.net/v/20260327141346948
숏폼,[태안=뉴시스] 지난해 하반기 태안 '관광홍보숏폼영상 공모전’ 수상작과 원예치유박람회 홍보 쇼츠 스크린숏. (사진=태안군 제공) 2026.03.27. photo@newsis.com *재판매 및 DB 금지 [태안=뉴시스]김덕진 기자 = 충남 태안군은 27일 관광 홍보 콘텐츠 발굴을 위한...,http://v.daum.net/v/20260327141346948
숏폼,"영상. /사진=SK하이닉스 유튜브 채널 영상 갈무리 ""HBM(고대역폭메모리)이 남자친구라면 어떨까요?"" SK하이닉스 대학생 앰배서더가숏폼을 통해 HBM을 남자친구에 비유하면서 제품을 설명한다. 16단 HBM에 적용된 어드밴스드 MR-MUF 공정을 설명할 땐 남자친구가...",http://v.daum.net/v/20260514073217928
숏폼,"신예 황효식, ‘엉큼한 맞선’ 판타지 남사친 役…숏폼플랫폼 접수",http://v.daum.net/v/20260410182602236
숏폼,“카톡 소식·숏폼자꾸 떠요” 이용자 분통,http://v.daum.net/v/20260401003605498
숏폼,소식 페이지가 자주 노출될 수 있도록 몰래 업데이트를 했다는 것이다. 인터넷 업계에선 지난해 연말 카톡 업데이트 이후 소식·숏폼조회 수가 하락하자 카카오가 MAU(월간 활성 이용자 수)를 끌어올리기 위해 강제 노출 방식을 택한 것으로 분석한다. 이에 대해...,http://v.daum.net/v/20260401003605498
숏폼,최홍라 치어리더 '스쿨룩 입고 우아하게'[엑's숏폼],http://v.daum.net/v/20260427072437747
숏폼,최예나 시구 '야구팬들 마음을 캐치캐치'[엑's숏폼],http://v.daum.net/v/20260429071416160
숏폼,"보넥도,숏폼도 터졌다",http://v.daum.net/v/20260324092301094
숏폼,"그룹 보이넥스트도어(성호, 리우, 명재현, 태산, 이한, 운학)가 멤버별 개성이 돋보이는숏폼콘텐츠를 연이어 공개해 폭발적인 반응을 얻고 있다. 보이넥스트도어는 지난 16일부터 21일까지 팀 공식 인스타그램을 통해 개인숏폼을 순차 게재했다. 이번 콘텐츠는...",http://v.daum.net/v/20260324092301094
숏폼,"'청량 그 자체' 더보이즈 현재, 안구정화 비주얼 [엑's숏폼]",http://v.daum.net/v/20260428130932819
숏폼,일상화된 고교생숏폼시청…강한 자극만 반응 ‘팝콘브레인’ 심화 우려,http://v.daum.net/v/20260318121502950
숏폼,게티이미지뱅크 고등학생 10명 중 3명은 긴 글을 10분 이상 읽는 데 어려움을 겪는 것으로 조사됐다. 반면숏폼시청은 일상화해 우리 학생들의 뇌 건강을 악화하고 있다. 전문가는 “숏폼시청을 제한할 필요가 있다”고 조언했다. 입시정보업체 진학사는 지난달 2...,http://v.daum.net/v/20260318121502950
숏폼,스마트폰 사용자 10명중 2.2명 '과의존'…많이 보는숏폼은 '유튜브',http://v.daum.net/v/20260327111604397
숏폼,"머리에서 떠나지 않는다'는 응답도 69.3%에 달해, 심리적 의존성 역시 높은 수준으로 나타났다. ━ 여가까지 잠식…가장 많이 보는숏폼플랫폼은 '유튜브 숏츠' ━ 자료=과학기술정보통신부와 한국지능정보사회진흥원 스마트폰은 여가 활동의 핵심 도구가 되고 있다...",http://v.daum.net/v/20260327111604397
숏폼,"냈고, 선정 선수들은 대한야구소프트볼협회 공식 홈페이지에도 소개되며 의미를 더했다. SNS 운영 역시 눈길을 끌었다. 릴스와숏폼등 다양한 디지털 콘텐츠가 실시간으로 업로드되며 참가 선수들에게 또 하나의 특별한 추억을 선물했다. 특히 대회 운영사 측이...",http://v.daum.net/v/20260515120802087
숏폼,"숏폼에 갇힌 아이들…고교생 30% ""긴 글 10분 이상 못 읽어""",http://v.daum.net/v/20260318092859779
숏폼,것으로 나타났다./사진제공=진학사 고등학생 10명 중 3명은 긴 글을 10분 이상 집중해 읽는 데 어려움을 겪는 것으로 나타났다.숏폼(Short-form) 콘텐츠 이용이 일상화되면서 학습 집중력 저하가 나타날 수 있다는 우려가 나온다. 18일 입시정보 플랫폼 진학사가...,http://v.daum.net/v/20260318092859779
숏폼,"보이넥스트도어, 6인 6색숏폼공개",http://v.daum.net/v/20260324094442447
숏폼,"보이넥스트도어, 6인 6색숏폼공개 (제공: KOZ ENTERTAINMENT) 보이넥스트도어(BOYNEXTDOOR)가 멤버별 개성이 돋보이는숏폼콘텐츠를 연이어 공개해 폭발적인 반응을 얻고 있다. 보이넥스트도어는 지난 16일부터 21일까지 팀 공식 인스타그램을 통해 개인숏폼을...",http://v.daum.net/v/20260324094442447
숏폼,"스키즈, 팬사랑 가득 디지털 싱글숏폼영상 공개",http://v.daum.net/v/20260323093725256
숏폼,"스키즈, 팬사랑 가득 디지털 싱글숏폼영상 공개 (제공: JYP엔터테인먼트) 스트레이 키즈(Stray Kids)가 새 디지털 싱글숏폼영상으로 팬들을 향한 애틋한 마음을 내비쳤다. 스트레이 키즈는 오는 3월 25일 디지털 싱글 ‘별, 빛 (STAY)’(별, 빛 (스테이))를 발매...",http://v.daum.net/v/20260323093725256
숏폼,캠페인은 모바일 캐주얼 게임 이용자부터 프로게이머까지 모든 사람이 구글플레이에서 게임을 즐길 수 있다는 메시지를 담았다.숏폼5개로 구성된 캠페인 영상은 돌고래유괴단이 연출했다. 영상 속에서 카리나와 페이커는 도서관과 버스정류장 등 일상 공간에서...,http://v.daum.net/v/20260515121848282
숏폼,"아이딧, ‘만찢남’ 무드 비주얼·매력…미연시 상황극숏폼까지",http://v.daum.net/v/20260319084043941
숏폼,"김민재, 박원빈, 추유찬, 박성현, 백준혁, 정세민)은 지난 3월 17일과 18일 아이딧(IDID) 공식 SNS에 상황극 설정을 곁들인숏폼콘텐츠를 잇달아 공개했다. 팬 콘서트를 앞둔 아이딧(IDID) 멤버들이 위딧(WITHID)의 마음을 녹이는 달콤한 멘트와 눈빛을 보내는 장면...",http://v.daum.net/v/20260319084043941
숏폼,아동·청소년 스마트폰 과의존 심화...숏폼·AI 서비스 영향,http://v.daum.net/v/20260326150903788
숏폼,"또한 과의존 위험군 비율이 26.0%로 집계되며 전년 대비 0.1%포인트 늘었다. 청소년과 유아동의 과의존 위험군이 증가한 것은숏폼콘텐츠 확산, 생성형 인공지능(AI) 서비스 증가 등에 따른 영향으로 풀이된다. 실제로 지난해 여성가족부의 청소년 매체 이용 조사...",http://v.daum.net/v/20260326150903788
숏폼,"CJ온스타일, 2026 SS 패션위크 개최...숏폼강화",http://v.daum.net/v/20260319090654130
숏폼,"행사인 ‘패션위크’를 오는 3월 31일까지 개최한다고 19일 밝혔다. CJ온스타일은 이번 SS 패션위크를 기점으로 모바일 라이브와숏폼중심의 영상 콘텐츠를 강화하며, 패션을 ‘입는 경험’에서 ‘보는 경험’으로 확장하는 전략을 본격화한다. 올해 패션숏폼...",http://v.daum.net/v/20260319090654130
숏폼,"숏폼60초에 총 상금 300만원…구리시, 봄꽃 주제 영상 공모전 접수",http://v.daum.net/v/20260403165323620
숏폼,"‘올 봄 구리에 꽃히다’ 공모전 안내 포스터. 사진 제공=구리시 경기 구리시가 첫 장자호수 벚꽃마실 축제를 기념해 봄꽃 주제숏폼영상 공모전 ‘올봄, 구리에 꽃히다’를 오는 30일까지 진행한다고 3일 밝혔다. 이번 공모전은 구리시에 관심 있는 사람이면 누구...",http://v.daum.net/v/20260403165323620
숏폼,"위니 눈치챙겨 '전은비-유진경 치어리더, 킹받는 아웃송!' [엑's숏폼]",http://v.daum.net/v/20260428071332555
숏폼,"카테노이드, ‘찰나’숏폼위젯 기능 출시",http://v.daum.net/v/20260311161725102
숏폼,플랫폼 찰나에숏폼위젯 기능을 출시했다고 밝혔다. 이 기능은 코드를 복사해 붙여넣는 방식으로 자사몰에 다양한 레이아웃의숏폼영상을 배치할 수 있다. 기존에는 자사몰에숏폼콘텐츠를 원하는 형태로 적용하려면 개발자 코딩이나 외주 개발이 필요했다. 찰나...,http://v.daum.net/v/20260311161725102
숏폼,의뢰해 20대 1060명을 조사한 결과를 보면 응답자 중 58%는 '지도 앱에서 장소를 검색하고 바로 결정'하는 것으로 나타났다. SNS나숏폼에서 장소를 발견하더라도 최종 결정은 지도를 통해 확인한 다음 이뤄졌다. 이 때문에 테마형 지도도 낯선 화면이 아니라 기존...,http://v.daum.net/v/20260515081908233
숏폼,"태안군, 60초의 매력 ‘2026 관광홍보숏폼영상 공모전’ 개최",http://v.daum.net/v/20260329115623917
숏폼,태안군이 '2026 태안 방문의 해'와 연계해 감각적이고 독창적인 관광 홍보 콘텐츠를 발굴하기 위한 '관광홍보숏폼영상 공모전'을 개최하고 4월 1일부터 상반기 참가자 모집에 나선다. 군은 태안만의 차별화된 관광 자원을 널리 알리기 위해 4월 1일부터 5월 31일...,http://v.daum.net/v/20260329115623917
숏폼,걸그룹이 터뜨린 ‘하우스’의 매력… “반복적 리듬숏폼과 어울려”,http://v.daum.net/v/20260326043442204
숏폼,"전자음악과 달리, “하우스 장르의 전통적인 문법과 자신들이 보여주고자 했던 이미지를 잘 결합시켰다”는 설명이다. ● “숏폼과 스트리밍에도 잘 어울려” 하우스는 중장년층에게도 낯선 장르가 아니다. 1970년대 미국 시카고에 있는 클럽 ‘웨어하우스’에서...",http://v.daum.net/v/20260326043442204
숏폼,숏폼에 뇌썩는다더니…고교생 30% “긴글 10분 이상 읽기 힘들다”,http://v.daum.net/v/20260318090102338
숏폼,숏폼시청하는 청소년 [챗GPT를 이용해 제작] [헤럴드경제=김성훈 기자] 고등학생 10명 중 3명은 긴 글을 10분 이상 읽는 데 어려움을 겪는 것으로 조사됐다. 입시정보업체 진학사는 지난달 2∼11일 전국 고등학생(응답자 3525명)을 대상으로 온라인 설문조사를 진행...,http://v.daum.net/v/20260318090102338
